"CNY (China)","INR (India)","RUB (Russia)","JPY (Japan)","Euro (EU)","BRZ (Brazil)","IDR (Indonesia)","GBP (Great Britain)"
7.2794,39.17,24.439,109.89,0.67921,1.7591,9410,0.50511
7.266,39.21,24.448,109.4,0.67972,1.7618,9441,0.509
7.2431,39.34,24.37,107.2,0.67622,1.7566,9437,0.50916
7.2291,39.235,24.662,106.44,0.68568,1.8111,9407,0.51048
7.191,39.605,24.452,106.69,0.67481,1.7711,9283,0.50295
7.1861,39.66,24.639,106.85,0.68287,1.7567,9229,0.5104
7.1883,40.015,24.641,107.51,0.68526,1.7507,9237,0.51036
7.1491,39.92,24.54,107.76,0.67916,1.7255,9171,0.51178
7.135,40.43,24.213,106.46,0.66644,1.685,9088,0.50536
7.1072,40.455,23.954,103.12,0.65496,1.6778,9081,0.50152
7.0971,39.87,23.762,101.79,0.64654,1.687,9195,0.4946
7.0698,39.87,23.601,98.36,0.63841,1.713,9221,0.49981
7.0248,39.855,23.557,99.78,0.63633,1.7344,9195,0.49997
7.0149,39.84,23.591,101.46,0.63816,1.7343,9221,0.5031
7.0005,39.755,23.514,101.78,0.63436,1.6969,9195,0.50587
6.9923,40.065,23.436,101.85,0.63072,1.673,9190,0.50482
6.9957,40.56,23.457,103.53,0.63183,1.6643,9205,0.50395
6.9905,41.565,23.694,104.48,0.64313,1.6791,9221,0.50531
6.9916,42.41,23.779,104.44,0.64746,1.6752,9233,0.5103
6.9926,42.55,23.832,104.57,0.64671,1.6646,9279,0.51359
6.9586,42.16,23.64,103.66,0.63723,1.6487,9296,0.50773
6.9419,42.665,23.625,104.58,0.6391,1.6525,9322,0.50608
6.9332,42.88,23.737,105.27,0.6445,1.6276,9312,0.51038
6.9151,42.845,23.686,107.12,0.6445,1.6363,9322,0.51067
6.8863,42.79,23.652,108,0.64499,1.615,9290,0.50967
6.8676,43.15,23.542,107.48,0.63967,1.6039,9240,0.5063
6.8548,42.78,23.44,106.13,0.63371,1.6036,9217,0.50296
6.8508,42.735,23.459,107.15,0.63617,1.6068,9181,0.50665
6.8231,42.16,23.202,105.66,0.6298,1.5941,9146,0.50026
6.8256,42.27,23.297,107.23,0.63347,1.5798,9139,0.50084
6.8329,41.98,23.407,107.84,0.63918,1.5678,9111,0.50441
6.8551,42.81,23.653,108.78,0.64872,1.5787,9102,0.5129
6.8614,43.33,24.332,109.7,0.6715,1.616,9179,0.52998
6.8539,43.87,24.452,109.64,0.6781,1.6258,9166,0.53705
6.8385,44.665,24.568,109.34,0.67898,1.6284,9161,0.54336
6.8372,45.71,25.078,107.97,0.69142,1.6738,9232,0.56146
6.8424,45.81,25.624,107.52,0.70972,1.7679,9361,0.56813
6.84,46.52,25.476,105.52,0.70048,1.8366,9416,0.55594
6.8267,46.8,25.042,105.86,0.68185,1.8319,9343,0.54086
6.8485,48.365,25.656,105.56,0.70952,1.9452,9446,0.56036
6.8264,48.715,26.106,101.27,0.73249,2.2529,9659,0.57405
6.8323,49.77,26.178,101.22,0.73611,2.151,9820,0.57421
6.8354,49.325,26.803,98.4,0.77095,2.2972,9958,0.60668
6.8429,47.49,27.087,96.44,0.78678,2.1755,10824,0.6259
6.8303,48.79,26.977,98.42,0.78076,2.1579,10997,0.62841
6.8269,49.555,27.337,97.36,0.78902,2.2466,11512,0.65619
6.83,49.575,27.463,95.91,0.79252,2.3639,12165,0.66782
6.8293,49.49,27.542,95.6,0.77948,2.3328,12405,0.65738
6.8833,48.48,28.027,93.08,0.79095,2.4253,12115,0.67586
6.8622,47.15,27.909,92.01,0.76722,2.4472,11205,0.67342
6.8414,48.435,27.639,89.37,0.71618,2.375,11099,0.65762
6.8465,48.12,28.484,90.18,0.7151,2.3749,11234,0.67612
6.8335,47.817,29.413,90.68,0.71235,2.3471,11037,0.68853
6.8343,48.51,29.703,92.63,0.73735,2.2599,10993,0.67037
6.8359,48.736,31.774,89.71,0.75546,2.3298,11169,0.68006
6.8376,49.01,32.994,89.63,0.7716,2.3502,11235,0.7187
6.8381,48.738,34.063,89.53,0.76511,2.3004,11351,0.70651
6.839,48.56,36.263,89.79,0.78064,2.3153,11725,0.69398
6.8334,48.588,35.267,90.93,0.77435,2.2726,11848,0.68689
6.8369,49.408,35.93,92.9,0.79001,2.3211,12098,0.69956
6.8383,50.209,35.869,96.55,0.78394,2.3794,11993,0.69465
6.8421,51.77,36.034,98.13,0.7939,2.4015,12072,0.70809
6.8398,51.594,35.105,98.17,0.78345,2.3384,12005,0.72275
6.833,50.985,34.102,97.25,0.75375,2.2666,11928,0.70342
6.82,50.514,33.512,97.78,0.74118,2.2554,11552,0.68698
6.8452,50.627,33.72,98.78,0.75115,2.2806,11574,0.69146
6.8354,50.047,33.498,100.32,0.75109,2.2127,11350,0.67861
6.8323,49.715,33.423,99.32,0.75896,2.1862,10811,0.67206
6.8308,50.138,33.759,97.97,0.76775,2.2176,10848,0.68625
6.8259,50.179,33.297,97,0.75965,2.2034,10777,0.68049
6.8218,49.436,32.759,99.1,0.74923,2.1221,10444,0.66488
6.8236,49.528,32.167,96.34,0.73573,2.0843,10386,0.65927
6.8248,47.493,31.646,95.35,0.7295,2.0468,10303,0.64219
6.8275,47.51,31.134,95.64,0.71659,2.022,10298,0.62627
6.831,47.072,30.724,96.02,0.70487,1.9448,10127,0.61197
6.8349,47.519,31.086,98.18,0.71531,1.945,10077,0.61472
6.8359,47.886,31.214,96.87,0.72015,1.959,10272,0.61192
6.8344,48.443,31.266,95.72,0.71531,1.9742,10370,0.60947
6.8323,47.909,31.16,96.15,0.71078,1.941,10226,0.60708
6.8327,48.637,31.835,94.01,0.71726,1.987,10214,0.61807
6.832,48.816,32.12,93.3,0.71149,1.9556,10176,0.61293
6.831,48.37,31.064,94.28,0.70338,1.8989,10032,0.60757
6.8313,48.234,31.217,95.09,0.70626,1.883,9951,0.60691
6.8309,47.59,31.268,95.18,0.69614,1.8306,9918,0.59223
6.8344,48.088,31.971,96.12,0.70299,1.8322,9953,0.60342
6.8333,48.763,31.929,94.26,0.70562,1.8543,10052,0.60821
6.8312,48.767,31.509,94.1,0.69881,1.8491,10068,0.61203
6.8303,48.935,31.776,92.84,0.70023,1.8808,10117,0.61405
6.8287,48.536,31.11,92.12,0.68999,1.8292,9964,0.60389
6.8276,48.379,30.581,91,0.6825,1.8107,9793,0.60693
6.8274,47.978,30.124,91.22,0.67879,1.8007,9680,0.61636
6.8267,47.835,30.117,89.67,0.68568,1.7863,9675,0.62696
6.8262,46.771,29.766,89.05,0.67986,1.7549,9456,0.62695
6.8262,46.305,29.463,90.11,0.67345,1.724,9408,0.62372
6.8277,46.381,29.147,91.13,0.66818,1.7313,9445,0.60786
6.8283,47.003,29.112,91.5,0.67326,1.7301,9583,0.60918
6.8276,47.031,29.183,90.44,0.67641,1.7411,9537,0.60698
6.8267,46.421,28.769,89.9,0.66867,1.7189,9404,0.60025
6.8273,46.387,28.826,89.17,0.67137,1.7196,9447,0.59934
6.8282,46.432,28.976,87.67,0.66658,1.73,9469,0.60353
6.8267,46.283,29.214,87.38,0.66335,1.7231,9439,0.60228
6.8277,46.567,30.252,88.74,0.67737,1.7496,9460,0.61317
6.828,46.732,30.416,89.65,0.69032,1.7663,9489,0.61618
6.8283,46.782,30.23,91.35,0.69784,1.7738,9494,0.62463
6.8277,46.639,29.998,92,0.69464,1.7379,9443,0.62452
6.8272,45.968,29.854,92.77,0.69677,1.7352,9328,0.62478
6.8271,45.591,29.482,91.58,0.69032,1.7496,9171,0.61608
6.8269,45.923,29.722,90.91,0.70442,1.7892,9308,0.61557
6.8267,46.201,30.275,90,0.71149,1.8417,9369,0.61843
6.8272,46.321,30.212,90.34,0.72077,1.8596,9367,0.63012
6.8302,46.591,30.309,89.66,0.7303,1.8588,9368,0.64017
6.8328,46.244,30.107,90.68,0.73454,1.839,9319,0.6399
6.8265,46.229,30.035,90.15,0.73735,1.8182,9316,0.65049
6.8262,45.864,29.866,88.99,0.73567,1.792,9266,0.66597
6.8263,45.501,29.574,90.37,0.7326,1.7755,9177,0.66478
6.8263,45.485,29.284,90.53,0.7311,1.7719,9143,0.6583
6.827,45.462,29.615,91.51,0.74588,1.7994,9122,0.66964
6.8261,44.903,29.458,93.09,0.74212,1.791,9083,0.66185
6.8249,44.43,29.353,93.63,0.74884,1.7712,9052,0.65678
6.8259,44.385,29.031,93.17,0.73681,1.7532,9014,0.64833
6.8268,44.556,29.175,93.01,0.74694,1.7572,9018,0.65134
6.826,44.473,29.202,94.12,0.75273,1.744,9017,0.65313
6.826,44.961,29.872,94.01,0.7725,1.7765,9120,0.66394
6.8277,45.107,30.07,92.85,0.78827,1.7805,9106,0.67526
6.8274,46.267,30.804,91.47,0.80802,1.8356,9175,0.69605
6.8304,47.045,31.035,90.42,0.81261,1.8513,9266,0.69295
6.8288,46.801,31.119,91.97,0.81954,1.8267,9211,0.68513
6.8303,46.962,31.658,91.56,0.83215,1.8405,9258,0.68787
6.8305,46.41,31.187,91.25,0.81274,1.7909,9147,0.67689
6.8028,46.199,31.027,90.21,0.81334,1.7801,9044,0.67232
6.7854,46.512,31.18,88.41,0.81057,1.7941,9055,0.66389
6.7764,46.834,31.038,87.86,0.79397,1.7686,9063,0.66066
6.7745,46.739,30.62,88.02,0.7853,1.7602,9047,0.65704
6.7787,47.14,30.468,86.99,0.77682,1.7759,9062,0.65489
6.7773,46.68,30.237,87.06,0.76858,1.7636,8991,0.64223
6.7719,46.185,29.88,86.02,0.75919,1.753,8942,0.62915
6.779,46.549,30.28,85.64,0.76935,1.7657,8974,0.63628
6.7947,46.588,30.484,85.4,0.77997,1.7571,8970,0.64068
6.7987,46.842,30.799,84.6,0.78945,1.7645,8995,0.64621
6.8071,46.826,30.743,84.34,0.78333,1.7456,9014,0.64833
6.7851,46.546,30.818,83.91,0.78425,1.7267,8981,0.64953
6.7394,46.219,30.883,84.86,0.77184,1.7154,8960,0.64433
6.709,45.562,31.002,84.92,0.7542,1.7182,8961,0.64002
6.6906,44.896,30.512,83.71,0.73616,1.7013,8933,0.63157
6.6845,44.449,30.06,82.85,0.7227,1.6812,8929,0.62942
6.6596,44.36,30.057,81.61,0.71515,1.6609,8921,0.62735
6.6501,44.405,30.589,81.31,0.71875,1.6814,8936,0.63463
6.6718,44.469,30.576,81.13,0.71984,1.7059,8927,0.63069
6.6751,44.265,30.73,80.86,0.71139,1.6908,8912,0.61972
6.6436,44.434,30.689,81.71,0.72417,1.7053,8908,0.62013
6.6395,45.282,31.113,83.31,0.73486,1.723,8967,0.6254
6.6516,45.627,31.287,83.54,0.74593,1.7257,8973,0.63222
6.6631,45.525,31.394,84.06,0.7615,1.7118,9020,0.64171
6.6532,44.985,31.083,83.47,0.75415,1.6885,9019,0.63438
6.6593,45.22,30.731,83.77,0.7512,1.7027,9024,0.63779
6.6502,45.202,30.672,83.47,0.76249,1.6994,9044,0.64712
6.6158,44.994,30.436,81.98,0.75632,1.6775,9004,0.6475
6.6141,45.159,30.59,82.51,0.75717,1.6691,8991,0.64377
6.6112,45.282,30.354,83.09,0.76488,1.6839,9058,0.6384
6.5855,45.536,29.928,82.44,0.74427,1.6734,9062,0.62621
6.5849,45.705,29.747,82.56,0.73233,1.6715,9046,0.62941
6.5875,45.687,29.517,81.73,0.7286,1.6684,9024,0.62109
6.5877,45.529,29.331,82.69,0.73567,1.672,8935,0.62272
6.5844,45.418,29.279,83.6,0.73915,1.6689,8885,0.62086
6.5747,45.237,29.136,82.54,0.72886,1.6662,8858,0.6182
6.5703,45.04,28.487,82.14,0.72176,1.6585,8808,0.61485
6.5692,45.113,28.402,82.5,0.71999,1.6571,8781,0.61894
6.5713,45.123,28.639,80.68,0.71515,1.6677,8784,0.62102
6.5563,44.847,28.295,81.02,0.70636,1.6612,8714,0.61613
6.5553,44.7,28.424,82.7,0.70887,1.6425,8715,0.62434
6.5399,44.291,28.231,84.79,0.70038,1.6001,8659,0.61467
6.5352,44.451,28.143,83.9,0.69204,1.5817,8663,0.61289
6.5196,44.407,28.168,82.55,0.69353,1.5743,8659,0.61092
6.5074,44.4,27.606,81.73,0.67866,1.5703,8605,0.60299
6.4924,44.575,27.414,80.68,0.67737,1.5962,8564,0.60538
6.4953,44.806,27.825,80.84,0.69886,1.6152,8558,0.61164
6.503,45.066,28.082,81.44,0.70378,1.6219,8567,0.61713
6.496,45.249,28.32,81.75,0.70811,1.6253,8582,0.61537
6.4803,44.925,27.962,80.98,0.6943,1.5839,8540,0.60913
6.4776,44.719,27.774,80.06,0.68535,1.5828,8517,0.61044
6.4784,44.828,28.032,80.5,0.69979,1.5956,8568,0.6157
6.4699,44.941,28.092,80.28,0.69994,1.5945,8604,0.62119
6.4684,44.84,28.075,80.77,0.69609,1.5785,8595,0.62526
6.4654,44.41,27.941,81.09,0.69667,1.5637,8534,0.62422
6.4648,44.546,28.188,79.539,0.70972,1.5779,8549,0.62514
6.459,44.477,27.973,78.824,0.70398,1.5658,8543,0.61867
6.4425,44.195,27.617,77.895,0.69623,1.5551,8504,0.61223
6.437,44.391,27.905,77.887,0.70156,1.5672,8501,0.61238
6.4142,45.232,29.309,76.947,0.70175,1.6138,8558,0.61453
6.3888,45.521,28.925,76.613,0.69541,1.596,8540,0.60825
6.3923,45.898,28.938,76.745,0.69314,1.6039,8562,0.60908
6.3798,46.011,28.969,76.767,0.6956,1.6048,8533,0.61407
6.3884,46.181,29.589,77.282,0.71306,1.6554,8564,0.62362
6.3943,47.457,30.383,76.854,0.72902,1.7106,8735,0.63242
6.3875,48.636,31.681,76.402,0.73676,1.8207,9023,0.64232
6.3948,49.041,32.05,76.566,0.73714,1.8251,9006,0.64108
6.3701,49.284,32.536,76.724,0.75131,1.853,8905,0.64774
6.37,49.082,31.327,76.818,0.72993,1.7601,8899,0.63724
6.3799,49.469,31.12,76.867,0.72585,1.7674,8824,0.63321
6.362,49.421,30.374,75.937,0.71531,1.7421,8836,0.62471
6.353,49.079,30.548,78.053,0.7248,1.7283,8919,0.62487
6.3438,49.779,30.449,77.744,0.73067,1.7516,8946,0.62525
6.3522,50.802,30.729,76.916,0.73823,1.7717,9003,0.63139
6.3634,52.288,31.299,77.128,0.74649,1.8416,9075,0.64235
6.3654,51.762,31.007,77.751,0.7451,1.8203,9079,0.63884
6.3457,51.642,31.263,77.696,0.74621,1.794,9032,0.63864
6.3518,53.241,31.736,77.874,0.76324,1.8462,9100,0.64313
6.3376,52.817,31.721,77.968,0.76605,1.8577,9068,0.63957
6.3166,52.996,31.856,77.673,0.76965,1.8656,9168,0.64246
6.3044,53.001,31.953,76.901,0.77513,1.8452,9153,0.64406
6.3151,51.826,31.706,76.866,0.78419,1.8033,9159,0.6496
6.3193,50.602,31.501,76.858,0.77997,1.7736,9055,0.64913
6.312,49.998,30.632,77.418,0.76628,1.7522,8957,0.64027
6.31,49.262,30.26,76.299,0.76086,1.7367,8983,0.63333
6.3035,49.279,29.967,77.05,0.75867,1.725,8953,0.63215
6.2962,49.313,30.038,78.463,0.76156,1.7206,9009,0.63527
6.2975,49.152,29.63,80.05,0.75267,1.7118,9050,0.63394
6.2985,49.211,29.159,80.79,0.74833,1.7096,9080,0.62926
6.3127,50.157,29.529,81.34,0.75844,1.7545,9152,0.63355
6.3294,50.099,29.496,83.11,0.76441,1.8074,9164,0.63741
6.313,50.771,29.319,83.33,0.75781,1.8209,9153,0.63128
6.2994,51.003,29.193,82.6,0.75103,1.8204,9168,0.62783
6.2974,50.96,29.433,82.23,0.75694,1.8296,9144,0.62757
6.3058,51.462,29.588,81.01,0.76127,1.8279,9156,0.62849
6.3048,51.839,29.563,81.27,0.76307,1.8624,9178,0.62588
6.2982,52.574,29.392,81.05,0.75827,1.8807,9190,0.61921
6.2862,53.114,29.506,80.24,0.76046,1.9101,9216,0.61753
6.3036,53.373,30.139,79.797,0.77024,1.9454,9213,0.61973
6.323,54.235,30.807,79.967,0.78315,1.9912,9272,0.6272
6.3273,55.471,31.495,79.52,0.79014,2.0441,9366,0.63556
6.3495,55.762,32.779,78.988,0.80321,2.0008,9512,0.64292
6.367,55.415,32.872,78.859,0.80109,2.0346,9429,0.6475
6.3536,55.677,32.664,79.335,0.79726,2.0509,9430,0.64402
6.361,56.31,32.717,79.446,0.79177,2.0418,9439,0.6379
6.3595,56.74,33.039,79.544,0.80064,2.0694,9467,0.64179
6.3543,54.953,32.48,79.81,0.79962,2.0116,9385,0.64048
6.37,55.61,32.838,79.379,0.81699,2.035,9446,0.64542
6.3746,55.241,32.301,78.849,0.81726,2.0271,9459,0.64006
6.3853,55.821,32.549,78.22,0.82095,2.0331,9482,0.64153
6.3698,55.66,32.276,78.232,0.81407,2.0404,9459,0.63972
6.3642,55.317,31.738,78.409,0.81018,2.0274,9473,0.6401
6.3615,55.634,31.862,78.932,0.81189,2.0222,9497,0.63682
6.3561,55.464,31.882,79.071,0.80341,2.0187,9498,0.63314
6.3522,55.628,32.13,78.608,0.79643,2.0426,9544,0.63162
6.3449,55.606,32.18,78.532,0.79277,2.0338,9570,0.6285
6.3291,55.142,31.379,77.965,0.77561,2.0221,9561,0.62175
6.3124,53.974,31.034,78.421,0.76823,2.0256,9524,0.61642
6.3017,53.249,31.131,77.766,0.77525,2.0289,9579,0.61713
6.3207,52.13,31.099,78.319,0.77322,2.0236,9586,0.61965
6.2842,52.76,31.076,78.327,0.77292,2.0344,9599,0.62343
6.2586,53.194,30.824,78.963,0.76581,2.0331,9599,0.62081
6.2492,53.677,31.253,79.918,0.7703,2.027,9617,0.62279
6.2404,53.874,31.374,79.909,0.77304,2.0308,9615,0.62182
6.2541,54.48,31.555,79.915,0.78425,2.0391,9623,0.62631
6.2309,54.901,31.694,80.29,0.78542,2.0616,9624,0.63025
6.2318,55.189,31.291,81.97,0.77906,2.0902,9632,0.62782
6.2263,55.14,30.983,82.17,0.77166,2.0898,9612,0.62447
6.2283,54.524,30.875,82.19,0.76699,2.0957,9620,0.62184
6.2481,54.356,30.699,82.95,0.76781,2.0779,9635,0.62056
6.2327,54.845,30.757,84.09,0.75649,2.0794,9649,0.61573
6.2347,54.893,30.531,85.46,0.75632,2.0572,9653,0.61876
6.2328,54.722,30.384,87.1,0.76092,2.0455,9680,0.61885
6.2244,54.889,30.344,88.04,0.76254,2.0328,9658,0.62249
6.2193,54.441,30.295,89.05,0.75036,2.0396,9644,0.62472
6.2207,53.726,30.159,89.53,0.74862,2.0391,9629,0.63103
6.2246,53.474,30.071,91.17,0.73954,1.9974,9703,0.6338
6.2329,53.271,30.058,93.13,0.74047,1.9822,9685,0.63586
6.2328,53.948,30.116,93.5,0.74671,1.9683,9646,0.64229
6.2414,54.315,30.22,93.45,0.7525,1.9635,9696,0.65085
6.229,54.21,30.536,92.5,0.76214,1.9771,9695,0.66061
6.2209,54.694,30.712,94.09,0.76717,1.9687,9698,0.66348
6.2164,54.257,30.726,96.1,0.76864,1.9598,9697,0.66828
6.2162,54.287,30.885,95.22,0.7731,1.9913,9730,0.66049
6.2141,54.364,30.934,94.41,0.77869,2.0142,9733,0.66021
6.198,54.589,31.485,94.6,0.77773,2.0179,9747,0.65948
6.1976,54.53,31.027,99.05,0.76546,1.9809,9715,0.65205
6.1802,54.176,31.452,98.23,0.76336,1.9944,9715,0.65348
6.1742,54.236,31.468,99.19,0.76793,2.0134,9720,0.65217
6.1608,53.908,31.113,97.79,0.76208,2.0025,9729,0.64358
6.147,54.31,31.149,99.54,0.76359,2.0112,9732,0.64491
6.1449,54.78,31.381,102.2,0.77429,2.0201,9750,0.65488
6.1344,55.505,31.308,102.33,0.77555,2.0429,9774,0.66116
6.1284,56.132,31.582,101.21,0.77184,2.0764,9802,0.66027
6.1315,56.789,32.084,98.95,0.76283,2.1245,9802,0.64979
6.1333,58.005,32.191,96.29,0.7533,2.1391,9881,0.64084
6.1285,58.885,32.251,96.14,0.75194,2.2005,9911,0.64176
6.1449,59.947,32.83,98.08,0.76505,2.2142,9935,0.65156
6.1309,60.005,33.15,99.81,0.77065,2.2504,9948,0.66025
6.1334,59.999,32.902,100.3,0.77399,2.2598,9967,0.66755
6.1377,59.533,32.478,100.04,0.76359,2.2405,10078,0.65944
6.1359,59.334,32.459,99.71,0.75694,2.2387,10223,0.65187
6.1303,60.367,32.968,98.44,0.75449,2.28,10274,0.65562
6.1216,60.916,32.934,97.3,0.75103,2.2943,10284,0.64783
6.1181,61.407,33.011,97.76,0.75245,2.3102,10366,0.64396
6.1226,64.057,33.031,98.11,0.7485,2.4098,10857,0.63996
6.1212,66.819,33.175,98.02,0.75137,2.3731,11218,0.64489
6.1196,66.578,33.401,99.51,0.75907,2.3595,11492,0.64126
6.1196,63.906,32.896,99.82,0.75432,2.2818,11300,0.63474
6.1204,62.764,32.075,99.12,0.74488,2.2358,11065,0.62564
6.1207,62.544,32.082,98.69,0.74052,2.2229,11291,0.62336
6.1207,62.264,32.251,97.55,0.7379,2.2187,11329,0.6185
6.1198,61.548,32.276,97.51,0.7379,2.1993,11112,0.62424
6.1005,61.473,32.13,98.12,0.73567,2.1702,11007,0.62286
6.0886,61.551,31.821,97.72,0.72807,2.1854,10906,0.61905
6.0925,61.486,32.051,98.1,0.73041,2.2007,11172,0.62268
6.0949,62.364,32.421,98.46,0.74278,2.2721,11359,0.62297
6.0922,63.372,32.763,99.69,0.74477,2.3229,11502,0.62524
6.0932,62.56,32.756,100.38,0.74036,2.2846,11584,0.61958
6.0931,62.393,33.055,101.92,0.73681,2.3071,11768,0.6148
6.0903,61.985,33.111,102.44,0.73573,2.3592,11859,0.61069
6.0725,61.529,32.765,102.9,0.72738,2.3232,11944,0.61067
6.072,62.031,32.942,103.55,0.72892,2.3409,12064,0.61218
6.0699,61.866,32.657,104.38,0.72817,2.361,12151,0.60933
6.056,62.066,32.96,104.99,0.72908,2.3679,12164,0.60673
6.0523,62.093,33.195,104.75,0.73492,2.3817,12092,0.60894
6.0479,61.518,33.38,104.07,0.73411,2.3597,11995,0.60956
6.0513,61.999,34.024,103.9,0.73546,2.3694,12139,0.60601
6.0556,62.701,34.971,102.66,0.73524,2.4209,12169,0.60512
6.0611,62.487,34.936,101.63,0.73932,2.4048,12189,0.61323
6.0628,62.194,34.911,102.1,0.73239,2.4063,12042,0.60434
6.0767,62.137,35.553,102.18,0.72897,2.3917,11785,0.59937
6.1238,61.971,35.91,102.15,0.72796,2.3391,11636,0.59952
6.1324,61.563,36.232,102.26,0.72564,2.3311,11523,0.59811
6.1425,61.077,36.488,102.68,0.71999,2.3494,11413,0.60125
6.2037,61.128,36.238,101.9,0.72187,2.3442,11366,0.60378
6.2058,60.396,35.731,102.39,0.72601,2.3015,11393,0.60385
6.2105,60.019,35.343,103.63,0.72627,2.2697,11320,0.60161
6.2068,60.155,35.637,102.12,0.72432,2.2123,11360,0.59849
6.2204,60.27,35.95,102.05,0.72301,2.2257,11430,0.59662
6.2445,60.921,35.793,102.31,0.72327,2.2327,11586,0.59494
6.2581,60.383,35.781,102.53,0.72202,2.2357,11551,0.59375
6.2323,60.046,35.377,101.77,0.71963,2.2245,11528,0.59087
6.2321,59.469,34.87,101.89,0.7295,2.215,11455,0.59481
6.2364,58.576,34.382,101.44,0.7311,2.2157,11506,0.59333
6.2463,58.906,34.516,101.82,0.73421,2.2314,11627,0.59633
6.2516,59.267,34.925,102.41,0.73432,2.2646,11825,0.59652
6.2242,59.308,34.367,102.18,0.73784,2.2341,11795,0.59413
6.2285,60.174,34.534,102.01,0.7367,2.2385,11921,0.58857
6.2268,60.135,33.843,101.76,0.7347,2.2133,12037,0.58804
6.2066,59.837,34.217,101.68,0.73276,2.2121,11892,0.58394
6.2028,59.954,34.221,101.61,0.73546,2.2204,11627,0.58431
6.2058,60.152,34.611,101.54,0.73725,2.2242,11685,0.58426
6.2014,60.163,34.996,101.57,0.74212,2.2232,11555,0.58718
6.179,60.424,35.602,102.39,0.74588,2.2454,11628,0.59127
6.1664,61.146,36.108,102.38,0.74733,2.2755,11768,0.59407
6.1541,61.072,36.07,102.37,0.74789,2.2744,11689,0.59779
6.1471,60.699,36.207,103.23,0.75131,2.2613,11690,0.60113
6.1486,60.534,36.414,103.88,0.75832,2.2637,11702,0.60294
6.1427,60.462,37.119,104.93,0.76499,2.2427,11753,0.60738
6.1345,60.711,37.398,106.47,0.77357,2.2827,11806,0.61832
6.1422,60.999,38.427,107.86,0.77471,2.3506,11974,0.61397
6.1362,61.105,38.567,108.94,0.78119,2.4043,11991,0.61183
6.1422,61.767,39.613,109.38,0.79195,2.4699,12176,0.61865
6.1362,61.315,40.031,108.31,0.79089,2.3982,12214,0.62203
6.1255,61.432,40.795,106.69,0.7866,2.43,12200,0.62467
6.1206,61.219,41.339,107.25,0.78672,2.4822,12027,0.62173
6.1139,61.326,42.556,108.94,0.79008,2.4635,12122,0.6222
6.1173,61.487,44.695,114.37,0.80135,2.5306,12158,0.62771
6.1253,61.562,46.469,115.45,0.80295,2.5721,12200,0.63311
6.1239,61.833,46.599,117.33,0.79994,2.58,12140,0.63818
6.1398,61.932,46.714,117.99,0.80295,2.5255,12178,0.63638
6.1514,61.886,53.16,119.48,0.80782,2.5682,12301,0.63764
6.1831,62.17,54.924,119.3,0.80782,2.6139,12390,0.63811
6.204,63.447,64.118,118.06,0.80678,2.6892,12678,0.63808
6.2217,63.324,54.777,120.18,0.81766,2.6676,12449,0.64271
6.211,63.422,57.684,120.07,0.82406,2.6707,12438,0.64388
6.214,63.023,61.708,119.45,0.84402,2.6897,12654,0.66006
6.1994,62.011,64.92,117.49,0.85244,2.6306,12589,0.65843
6.2166,61.609,64.855,117.81,0.86813,2.6049,12522,0.66132
6.248,61.626,68.232,117.9,0.88472,2.6068,12558,0.66206
6.2523,61.773,67.118,117.44,0.87735,2.7169,12637,0.65865
6.2428,62.225,65.773,119.28,0.88347,2.8342,12761,0.65391
6.2535,62.23,62.306,118.85,0.87904,2.8448,12816,0.64968
6.2599,62.01,62.328,119.11,0.88449,2.8743,12906,0.6475
6.2694,62.156,61.391,119.88,0.90009,2.9455,12975,0.65347
6.2621,62.746,61.173,121.19,0.93703,3.136,13137,0.66704
6.2283,62.657,61.097,121.09,0.93923,3.2525,13138,0.67622
6.2129,62.445,57.684,119.41,0.91449,3.1687,12987,0.67117
6.2008,62.46,57.716,119.9,0.92618,3.2156,13043,0.67616
6.2043,62.28,53.183,120.08,0.92911,3.0887,12939,0.67504
6.2048,62.367,51.132,119.6,0.9395,3.0644,12911,0.67621
6.199,63.145,52.486,119.53,0.93006,3.0157,12932,0.66668
6.2067,63.408,51.699,119.12,0.90975,2.9455,12957,0.65366
6.2043,63.756,50.866,119.98,0.89246,3.0576,13082,0.65703
6.2064,63.894,50.35,119.73,0.88731,3.0198,13130,0.63844
6.2016,63.647,49.62,120.55,0.8931,3.0193,13141,0.64093
6.2009,63.829,51.429,123.21,0.91516,3.1408,13208,0.65123
6.1999,63.851,54.2,124.41,0.89863,3.1529,13249,0.65387
6.207,64.002,55.178,123.94,0.89063,3.1156,13320,0.64957
6.2086,63.981,54.223,123.34,0.88629,3.0963,13330,0.63613
6.2086,63.582,54.488,123.65,0.89015,3.0983,13302,0.63445
6.2038,63.603,55.593,122.99,0.89952,3.1222,13342,0.63856
6.2098,63.466,56.867,122.11,0.9058,3.1856,13332,0.64699
6.2092,63.458,56.792,123.66,0.91166,3.1522,13339,0.64195
6.2091,63.758,57.407,124.06,0.91642,3.2361,13420,0.64247
6.2095,64.034,59.986,123.88,0.90851,3.364,13491,0.6415
6.2096,63.824,63.351,124.42,0.91516,3.4797,13511,0.64214
6.3425,64.61,64.429,124.45,0.90171,3.4881,13704,0.64128
6.3923,65.473,66.522,123.93,0.89823,3.4882,13875,0.63832
6.4047,66.258,68.83,120.08,0.87789,3.5662,14042,0.64154
6.3627,66.326,66.767,120.19,0.89166,3.7176,14139,0.65328
6.3727,66.534,68.143,120.38,0.89445,3.8326,14286,0.65063
6.368,66.219,66.355,120.17,0.88363,3.8591,14407,0.6456
6.377,66,66.081,120.24,0.89373,4.0186,14614,0.65238
6.3601,65.743,65.706,120.06,0.89461,4.0102,14657,0.65938
6.3542,65.097,63.098,120.16,0.88747,3.8637,13957,0.65552
6.3421,64.924,62.19,119.35,0.87789,3.8189,13533,0.65055
6.3536,64.992,62.296,119.93,0.88566,3.9079,13652,0.64702
6.3489,65.118,63.939,120.66,0.90736,3.8956,13631,0.65321
6.3421,65.718,63.417,121.27,0.91424,3.8058,13570,0.65204
6.3667,66.275,65.229,123.08,0.93119,3.7839,13641,0.65964
6.3799,66.128,65.269,123.15,0.93572,3.7841,13739,0.65672
6.3897,66.472,65.919,122.73,0.94233,3.739,13737,0.66267
6.3989,66.634,67.017,123.14,0.93694,3.8322,13822,0.66459
6.4292,66.831,69.371,122.35,0.91709,3.7846,14000,0.66321
6.472,66.683,70.695,121.48,0.916,3.8991,14023,0.66552
6.4779,66.246,70.825,120.89,0.91567,3.9669,13693,0.67147
6.4877,66.242,72.889,120.44,0.91475,3.9089,13749,0.67402
6.5586,66.731,74.046,118.47,0.92396,4.0297,13918,0.6829
6.5811,67.156,76.346,117.75,0.92005,4.022,13877,0.69309
6.5788,67.783,80.43,117.42,0.91962,4.0836,13887,0.70328
6.5779,67.959,78.056,119.02,0.91971,4.0789,13826,0.70006
6.5769,67.854,77.505,119.07,0.9067,3.9404,13650,0.69065
6.5753,68.124,78.849,114.2,0.88944,3.9254,13541,0.69197
6.5155,68.397,76.653,113.78,0.89831,4.0181,13458,0.69615
6.5315,68.648,75.945,112.51,0.90843,3.9608,13414,0.71372
6.5428,67.613,74.002,113.64,0.91768,3.895,13277,0.71343
6.5117,67.099,71.126,113.42,0.91075,3.7118,13103,0.70402
6.4979,66.916,69.673,112.64,0.89477,3.6849,13122,0.69898
6.4972,66.718,68.413,112.14,0.8927,3.6453,13210,0.70304
6.4773,66.378,67.798,112.6,0.8823,3.6293,13233,0.69719
6.4768,66.492,68.179,109.91,0.88013,3.6435,13187,0.70791
6.4739,66.519,66.266,108.83,0.88308,3.5208,13149,0.70368
6.4767,66.43,66.014,109.45,0.88269,3.542,13151,0.69712
6.4895,66.504,65.371,109.75,0.88316,3.5252,13196,0.68614
6.4931,66.503,65.863,106.62,0.87055,3.5305,13278,0.68659
6.5148,66.669,65.654,108.87,0.8785,3.4809,13296,0.69289
6.5363,67.118,65.71,109.62,0.88755,3.5375,13451,0.68879
6.5584,67.338,66.121,109.81,0.89501,3.5705,13616,0.68396
6.5809,67.268,66.593,109.87,0.8959,3.591,13630,0.68857
6.5651,66.762,64.602,107.02,0.88152,3.4476,13280,0.69035
6.5876,67.183,65.715,105.39,0.89047,3.4704,13354,0.70517
6.5885,67.543,64.385,104.39,0.88676,3.3871,13269,0.68861
6.6473,67.662,64.505,102.42,0.90253,3.2954,13196,0.74937
6.6783,67.373,64.16,101.32,0.90082,3.3044,13160,0.76485
6.6862,67.028,63.654,104.48,0.9009,3.2767,13081,0.75559
6.6837,67.166,63.577,106.16,0.90695,3.2604,13104,0.75935
6.6655,67.174,66.129,104.85,0.90621,3.2747,13132,0.76099
6.637,66.791,66.159,101.45,0.89526,3.2392,13104,0.75591
6.6479,66.815,64.725,101.82,0.89831,3.1556,13108,0.76893
6.6348,66.898,64.051,100.42,0.88652,3.2019,13130,0.7677
6.655,67.088,64.696,100.35,0.88503,3.2172,13239,0.75827
6.6778,66.987,65.26,103.02,0.8959,3.2483,13268,0.75929
6.6725,66.487,64.496,102.56,0.89103,3.2287,13096,0.74894
6.677,66.933,64.996,102.2,0.89015,3.2984,13171,0.75612
6.6703,66.847,64.177,101.22,0.89366,3.2336,13119,0.76812
6.6701,66.612,63.604,100.83,0.89142,3.2383,12987,0.7701
6.6717,66.606,62.393,102.89,0.89389,3.2339,13003,0.78965
6.7193,66.708,62.727,103.81,0.90416,3.2026,13036,0.81489
6.7428,66.779,62.612,103.78,0.91191,3.178,13033,0.81757
6.7764,66.825,62.486,104.59,0.91684,3.14,13024,0.81881
6.7642,66.726,63.492,103.88,0.90539,3.2188,13059,0.81077
6.7898,66.782,64.051,105.23,0.91042,3.2665,13213,0.80312
6.8664,67.89,65.219,109,0.93301,3.4251,13399,0.80426
6.9038,68.494,64.307,111.82,0.94357,3.3841,13484,0.80492
6.8931,68.504,64.5,113.4,0.94215,3.4208,13543,0.79851
6.8866,67.712,63.537,114.26,0.93484,3.4168,13351,0.78976
6.9219,67.606,61.333,116.44,0.94859,3.3561,13348,0.79461
6.9499,67.921,61.389,117.55,0.95979,3.3329,13443,0.8106
6.953,68.045,60.707,117.22,0.95602,3.2675,13449,0.81583
6.9293,68.101,60.263,117.14,0.95465,3.2384,13423,0.81287
6.9182,68.185,59.765,115.49,0.94473,3.1956,13309,0.82138
6.8678,68.108,59.514,114.15,0.93914,3.2119,13365,0.81627
6.8747,68.12,59.711,113.98,0.9331,3.1698,13353,0.79898
6.8775,67.522,59.756,113.33,0.93067,3.1283,13350,0.79765
6.8724,67.078,58.982,112.47,0.93677,3.1197,13300,0.80183
6.8658,66.953,57.703,113.58,0.94144,3.0856,13320,0.80176
6.8767,66.835,57.914,112.96,0.94607,3.0863,13346,0.80149
6.881,66.754,58.343,113.38,0.94706,3.1113,13360,0.81078
6.9067,66.686,58.62,114.45,0.94554,3.142,13374,0.82009
6.9091,65.677,58.628,114.14,0.93668,3.1349,13350,0.81598
6.8915,65.382,57.499,111.64,0.92678,3.1053,13322,0.80298
6.8862,64.962,56.676,110.88,0.92721,3.1331,13309,0.79921
6.8936,64.782,56.377,110.83,0.93835,3.1203,13324,0.80239
6.8963,64.539,56.895,110.14,0.94277,3.1353,13276,0.80199
6.885,64.602,56.212,109,0.93353,3.1277,13318,0.78287
6.8899,64.248,56.505,111.01,0.91836,3.1566,13299,0.77795
6.897,64.24,57.704,112.44,0.91491,3.1736,13319,0.7741
6.903,64.438,57.763,113.6,0.91836,3.1712,13337,0.77477
6.8899,64.372,56.866,112.23,0.90163,3.1546,13338,0.77145
6.8793,64.655,56.579,111.43,0.8919,3.2726,13296,0.77216
6.8307,64.511,56.641,111.12,0.89254,3.2484,13313,0.77785
6.7983,64.333,56.788,109.99,0.89079,3.2745,13296,0.77616
6.8021,64.427,57.217,110.33,0.89326,3.2899,13296,0.78548
6.8284,64.512,59.297,111.26,0.89534,3.3178,13303,0.7869
6.8038,64.545,59.179,112.05,0.88238,3.3034,13320,0.77764
6.7997,64.744,59.813,113.37,0.87951,3.3071,13386,0.77352
6.7918,64.489,60.267,113.65,0.87604,3.2392,13368,0.77422
6.7627,64.353,59.065,112.01,0.86693,3.1536,13316,0.7687
6.7474,64.29,59.759,111.33,0.85602,3.1494,13322,0.76454
6.7232,63.852,60.343,110.47,0.8461,3.1232,13319,0.7596
6.6832,63.92,60.002,109.96,0.84976,3.1439,13337,0.76886
6.6798,64.146,59.582,109.99,0.85193,3.1752,13361,0.77552
6.6625,64.075,59.108,109.3,0.84825,3.149,13346,0.77911
6.5943,63.983,58.393,109.76,0.83843,3.1571,13339,0.77402
6.511,64.017,57.489,108.84,0.83675,3.1119,13292,0.76595
6.5404,64.036,57.493,110.04,0.83675,3.1185,13218,0.74983
6.5822,64.469,57.833,111.72,0.83619,3.1278,13290,0.73911
6.6419,65.411,57.81,112.44,0.84774,3.169,13420,0.74447
6.6464,65.27,57.764,112.71,0.85128,3.1509,13506,0.75707
6.5943,65.145,57.892,112.34,0.84688,3.1712,13510,0.75801
6.6144,64.971,57.398,112.52,0.84796,3.1704,13505,0.75743
6.6421,64.994,57.721,113.94,0.85259,3.2393,13577,0.75867
6.6246,64.673,58.253,113.84,0.85962,3.2676,13549,0.7579
6.6364,64.959,59.148,113.69,0.8617,3.2659,13527,0.76146
6.6333,65.283,59.73,113.04,0.85027,3.2748,13541,0.76028
6.6124,64.833,58.897,111.84,0.84782,3.2499,13513,0.7535
6.6056,64.44,58.363,111.78,0.84175,3.237,13515,0.7463
6.6176,64.472,59.02,112.77,0.84667,3.2546,13535,0.74479
6.6147,64.329,58.921,112.99,0.84818,3.3131,13581,0.74748
6.5921,64.09,58.54,113.05,0.84495,3.2972,13571,0.74755
6.5327,64.035,57.725,112.91,0.83745,3.3058,13552,0.74278
6.4945,63.438,57.244,112.59,0.82988,3.2543,13444,0.73772
6.4983,63.621,56.953,111.97,0.83264,3.2334,13407,0.7384
6.4283,63.837,56.575,110.79,0.81699,3.2136,13332,0.72393
6.3678,63.708,56.231,109.78,0.81057,3.1804,13324,0.7092
6.3059,63.773,56.251,109.17,0.80373,3.1722,13409,0.70592
6.296,64.258,57.459,109.43,0.81129,3.2599,13588,0.7178
6.3413,64.164,57.236,107.25,0.80775,3.2658,13587,0.71735
6.346,64.738,56.586,107.03,0.81123,3.2505,13637,0.71632
6.3288,65.048,56.434,106.63,0.81539,3.2476,13733,0.72158
6.3327,65.05,56.844,106.14,0.80847,3.2417,13767,0.72133
6.3222,64.921,57.12,106.38,0.8105,3.2666,13745,0.71747
6.3289,65.142,57.479,105.85,0.81255,3.2976,13763,0.71048
6.2842,65.045,57.313,105.9,0.80802,3.3166,13744,0.70759
6.2999,65.006,57.723,106.72,0.815,3.3337,13768,0.71268
6.2904,65.148,62.197,107.13,0.8105,3.3935,13764,0.70477
6.2836,65.739,61.561,107.31,0.809,3.403,13806,0.70291
6.3202,66.637,62.182,108.94,0.82136,3.4675,13892,0.71834
6.3515,66.625,63.255,109.34,0.8325,3.5181,13944,0.73347
6.3564,67.213,62.582,109.39,0.84083,3.5617,14043,0.73858
6.3645,67.826,62.052,110.26,0.84402,3.6593,14061,0.73976
6.3834,68.148,61.819,110.18,0.8523,3.6695,14156,0.74711
6.4122,67.43,62.291,109.12,0.85911,3.7248,13955,0.75167
6.4011,67.152,62.146,109.76,0.85085,3.8078,13884,0.74636
6.405,67.615,62.538,110.3,0.85222,3.7186,13965,0.74922
6.4784,68.069,63.543,110.23,0.86341,3.7552,14107,0.7568
6.5905,68.443,62.936,110.06,0.85866,3.8115,14227,0.7582
6.6441,68.774,63.14,110.61,0.85646,3.902,14376,0.75713
6.6601,68.654,62.317,111.58,0.85412,3.8678,14366,0.75489
6.7313,68.702,62.959,112.58,0.85771,3.8496,14428,0.76311
6.7921,68.779,62.963,111.06,0.85536,3.7472,14461,0.76107
6.8265,68.573,62.84,111.48,0.85734,3.7462,14438,0.76393
6.8355,68.727,64.971,111.14,0.86528,3.759,14443,0.77609
6.893,70.04,67.217,110.73,0.87889,3.9056,14604,0.78544
6.8545,69.907,67.615,110.67,0.86648,4.0153,14604,0.77849
6.8252,70.529,67.714,111.11,0.85697,4.1268,14676,0.77307
6.8337,71.655,68.55,111.22,0.86207,4.1319,14896,0.77525
6.8601,72.235,69.142,111.46,0.86147,4.1375,14831,0.76786
6.8556,72.415,67.143,112.24,0.85375,4.1375,14852,0.75922
6.8736,72.614,65.799,112.92,0.85368,4.0663,14908,0.76091
6.8688,73.399,65.97,113.94,0.86648,3.9328,15074,0.76901
6.9203,74.071,66.448,112.89,0.86866,3.7552,15231,0.76141
6.9257,73.567,65.563,112.24,0.86693,3.7177,15184,0.76193
6.9429,73.407,65.477,112.42,0.87535,3.7059,15196,0.77377
6.946,73.383,65.733,112.83,0.87904,3.6874,15129,0.77857
6.9278,72.693,66.389,113.45,0.87635,3.7387,14717,0.76499
6.9526,72.342,67.086,113.63,0.88535,3.7722,14737,0.77605
6.9406,71.163,65.751,112.81,0.87704,3.7828,14573,0.77912
6.9464,70.339,66.902,113.5,0.88152,3.863,14429,0.78215
6.8712,70.642,66.69,113.02,0.88005,3.8622,14392,0.78344
6.8963,71.983,66.43,113.26,0.8802,3.8911,14586,0.79269
6.8968,70.46,67.457,112.19,0.87735,3.8851,14514,0.79045
6.8815,70.148,69.078,110.7,0.87619,3.9063,14571,0.7897
6.8688,69.903,69.082,108.67,0.87719,3.8174,14381,0.7893
6.8139,70.214,67.026,108.46,0.87093,3.7004,14104,0.78351
6.7677,71.041,66.779,108.72,0.87596,3.7309,14156,0.77657
6.7892,71.217,66.215,109.69,0.88075,3.7753,14179,0.77009
6.7266,71.178,65.815,109.16,0.87367,3.707,14029,0.76259
6.7427,71.556,65.769,109.81,0.87789,3.6941,13974,0.77006
6.7738,71.031,66.102,110.58,0.8859,3.7385,14089,0.77738
6.7382,71.251,65.808,110.72,0.88269,3.7274,14075,0.76939
6.6915,71.028,65.695,110.96,0.87873,3.7446,14049,0.75605
6.7096,70.371,65.946,111.72,0.8855,3.8093,14183,0.76134
6.7165,69.521,65.611,111.35,0.88613,3.8367,14273,0.76014
6.7049,68.775,64.197,111.07,0.88106,3.8043,14179,0.75776
6.7203,69.085,64.675,110.49,0.88763,3.91,14220,0.75887
6.7149,68.983,65.381,111.38,0.89079,3.8577,14189,0.76324
6.7149,69.252,64.628,111.43,0.88676,3.8563,14143,0.76449
6.7028,69.454,64.112,111.94,0.88558,3.9001,14068,0.7655
6.7297,69.945,64.409,111.84,0.89461,3.9533,14149,0.77332
6.7337,69.512,64.894,111.53,0.89413,3.9384,14231,0.76964
6.7923,69.703,65.203,110.22,0.8927,3.9621,14324,0.76697
6.886,70.312,64.921,109.49,0.89238,4.0058,14441,0.77628
6.9087,69.708,64.481,110.06,0.89566,4.0654,14472,0.78805
6.9072,69.713,64.932,109.31,0.89558,4.0111,14381,0.79114
6.9091,69.319,65.195,108.29,0.88928,3.8824,14221,0.7883
6.922,69.528,64.563,108.49,0.88496,3.8635,14266,0.78793
6.8969,69.664,63.772,108.09,0.88889,3.8612,14247,0.79326
6.8763,69.201,62.923,107.54,0.87881,3.8358,14149,0.7866
6.8694,68.748,63.353,108.04,0.88511,3.8317,14131,0.79367
6.879,68.533,63.396,108.53,0.89,3.7811,14094,0.7994
6.8777,68.758,62.84,107.93,0.89047,3.7497,13957,0.80135
6.8773,68.943,63.101,108.18,0.89638,3.7582,13967,0.80232
6.8998,69.025,63.904,108.27,0.89985,3.81,14084,0.82134
7.0424,70.808,65.199,106.03,0.8935,3.9425,14242,0.8238
7.0443,71.288,65.831,105.73,0.89558,3.9957,14261,0.82575
7.0695,71.636,66.214,106.49,0.90204,4.0389,14236,0.8233
7.152,71.694,66.46,105.98,0.90236,4.1425,14226,0.81783
7.1517,71.981,66.382,106.47,0.90893,4.1259,14153,0.82017
7.1036,71.475,65.066,107.55,0.90686,4.0643,14017,0.80842
7.0878,71.381,64.014,108.02,0.90572,4.1135,14062,0.80248
7.1226,70.864,64.102,107.66,0.91166,4.1574,14135,0.80672
7.1479,71.018,65.057,107.51,0.91508,4.1363,14189,0.8132
7.1283,71.058,64.727,107.4,0.90851,4.089,14155,0.81126
7.0824,71.283,64.184,108.51,0.90383,4.1482,14162,0.78611
7.0738,70.911,63.817,108.56,0.89831,4.0794,14041,0.77487
7.0549,70.844,63.844,108.62,0.8996,3.9946,14046,0.77545
6.9975,70.91,63.585,108.95,0.90139,4.0447,14001,0.7772
7.0138,71.792,64.019,108.86,0.90752,4.1757,14085,0.77797
7.0288,71.747,63.801,108.67,0.90342,4.189,14093,0.77359
7.0326,71.567,64.065,109.24,0.90868,4.2382,14098,0.77617
7.0447,71.477,63.994,108.86,0.9031,4.2069,14084,0.76574
7.0248,70.881,63.29,108.8,0.90025,4.1202,14014,0.75726
7.0027,71.042,62.489,109.49,0.89871,4.0682,13992,0.76108
7.0047,71.312,62.153,109.46,0.90066,4.0717,13978,0.76967
6.9708,71.466,62.002,108.66,0.89358,4.0306,13904,0.76006
6.9429,71.542,61.677,108.86,0.89799,4.069,13865,0.76394
6.8811,70.897,61.414,109.97,0.89831,4.1528,13679,0.7683
6.9075,71.199,61.794,109.87,0.90228,4.1838,13643,0.76434
6.9369,71.408,62.952,108.97,0.90728,4.2233,13643,0.76556
6.9901,71.275,63.324,109.41,0.90728,4.2482,13692,0.76874
6.9796,71.326,63.536,109.82,0.91785,4.3249,13700,0.77025
7.0068,71.613,63.786,110.83,0.92524,4.3639,13696,0.77113
7.0115,71.83,65.794,110.22,0.91785,4.4239,14053,0.77453
6.9454,73.293,66.851,106.99,0.89469,4.5512,14297,0.77804
6.9722,73.941,73.047,104.42,0.88456,4.7352,14485,0.77868
7.0564,74.588,77.877,108.11,0.91609,5.0709,15495,0.83903
7.0822,75.832,78.616,110.15,0.91895,5.0618,16252,0.84114
7.0976,76.087,78.586,108.02,0.9155,5.2142,16530,0.80855
7.0676,76.046,75.511,108.9,0.92132,5.2154,16158,0.8094
7.0657,76.504,73.964,107.47,0.91709,5.2157,15693,0.79966
7.082,76.475,75.45,107.6,0.92362,5.3891,15601,0.80924
7.0711,75.667,73.854,106.72,0.92064,5.5058,15237,0.80239
7.0768,75.738,74.327,106.5,0.92217,5.6547,15051,0.80639
7.0963,75.566,73.569,107.12,0.92345,5.838,14891,0.81471
7.1121,75.698,71.881,107.59,0.915,5.6932,14793,0.81901
7.1427,75.695,70.965,107.57,0.9086,5.3822,14699,0.81375
7.1124,75.457,69.004,108.51,0.89182,5.1919,14264,0.79721
7.0737,75.665,68.935,107.85,0.88331,4.9416,14083,0.78893
7.0851,76.149,69.602,107.19,0.88928,5.2287,14175,0.79858
7.0711,75.687,69.233,106.96,0.88928,5.2874,14216,0.80393
7.0703,75.209,70.811,107.48,0.88984,5.3946,14396,0.80719
7.0087,74.92,71.302,107.39,0.88464,5.3449,14420,0.79583
6.9999,75.189,71.074,107.14,0.87735,5.34,14557,0.79524
6.9995,74.725,71.281,106.97,0.86738,5.241,14668,0.78747
6.996,74.811,72.821,105.18,0.85041,5.1726,14568,0.7705
6.9637,75.019,73.485,105.85,0.84739,5.3054,14646,0.76438
6.9517,74.799,73.323,106.54,0.84796,5.4111,14774,0.76489
6.9231,74.869,73.706,105.76,0.84303,5.5036,14808,0.76088
6.8937,73.956,74.869,105.97,0.84502,5.5558,14651,0.75847
6.8338,73.219,74.43,106.16,0.84111,5.3877,14694,0.75007
6.8392,73.597,75.62,106.19,0.84624,5.3204,14876,0.77092
6.7789,73.568,75.129,105.09,0.84367,5.2625,14827,0.77374
6.8026,73.632,76.786,104.93,0.8547,5.5031,14839,0.78257
6.8045,73.506,78.287,105.49,0.85383,5.6137,14886,0.77544
6.7767,73.232,77.816,105.82,0.84897,5.5863,14732,0.77338
6.7283,73.33,77.499,105.36,0.8507,5.582,14749,0.7708
6.6757,73.581,77.184,105.04,0.84567,5.5963,14698,0.76722
6.7067,74.124,78.037,104.58,0.85063,5.7146,14706,0.77029
6.6496,74.277,78.784,104.13,0.85034,5.653,14413,0.76689
6.6147,74.342,76.754,105.18,0.84653,5.3837,14131,0.75813
6.5711,74.281,76.229,104.17,0.84353,5.3647,14149,0.75504
6.5769,73.983,75.925,104.24,0.84062,5.3616,14167,0.74916
6.5583,73.809,75.284,104.23,0.82884,5.2358,14172,0.74724
6.539,73.727,73.488,104.19,0.82515,5.1007,14125,0.75212
6.5388,73.58,73.309,103.46,0.81974,5.0845,14150,0.74158
6.5409,73.813,75.076,103.53,0.82014,5.1763,14235,0.7448
6.5332,73.275,74.156,103.37,0.81579,5.1898,14101,0.73723
6.4631,73.205,74.044,103.26,0.81393,5.2872,13970,0.73489
6.4708,73.228,73.887,104.04,0.82325,5.3612,14113,0.73533
6.4775,73.092,74.049,103.74,0.82488,5.312,14071,0.73316
6.4638,72.961,75.691,104.08,0.82461,5.4365,14088,0.7304
6.4632,72.956,75.518,105.19,0.8316,5.3964,14037,0.73123
6.4518,72.814,73.988,104.92,0.82631,5.3936,13991,0.7252
6.4591,72.653,73.644,105.57,0.8257,5.3835,14018,0.71764
6.4604,72.783,74.28,105.85,0.82277,5.4608,14169,0.71142
6.4732,73.12,73.952,107.25,0.83195,5.6557,14311,0.71865
6.5084,72.924,73.957,108.72,0.83956,5.7098,14394,0.71965
6.5046,72.58,73.52,109.09,0.83956,5.589,14421,0.7197
6.5242,72.526,75.802,108.99,0.84431,5.586,14417,0.72653
6.5643,73.155,75.862,110.35,0.85114,5.7283,14508,0.72539
6.5499,74.275,77.149,109.78,0.84289,5.6109,14550,0.72567
6.5346,75,76.608,109.05,0.83724,5.6747,14607,0.72619
6.4968,75.093,76.032,108.1,0.8305,5.5338,14530,0.71864
6.4778,74.394,74.758,108.63,0.82706,5.406,14466,0.71893
6.4728,73.783,74.788,109.29,0.8307,5.3992,14378,0.72005
6.4336,73.393,74.06,108.98,0.82427,5.2569,14239,0.70912
6.4339,73.077,73.692,109,0.82008,5.284,14352,0.70644
6.3957,72.717,73.569,109.21,0.81907,5.3043,14323,0.70627
6.3885,72.905,73.356,109.78,0.82082,5.1568,14282,0.70602
6.3932,72.962,72.263,109.44,0.82183,5.0468,14242,0.70674
6.4154,73.596,72.183,110.11,0.83084,5.0543,14330,0.71318
6.4686,74.203,72.685,110.58,0.83864,4.9774,14446,0.71872
6.4643,74.423,72.916,111,0.84189,4.9741,14539,0.72319
6.4725,74.565,74.101,110.38,0.84417,5.1733,14510,0.72346
6.4664,74.552,74.213,110.17,0.84574,5.1515,14492,0.7218
6.4774,74.624,74.199,110.02,0.84955,5.2029,14531,0.73048
6.4809,74.37,73.458,109.99,0.84502,5.1529,14479,0.72044
6.4631,74.195,72.972,109.39,0.84331,5.1867,14333,0.71846
6.4805,74.295,73.597,110.37,0.85172,5.2329,14378,0.72199
6.4851,74.305,73.819,109.53,0.85281,5.3455,14418,0.7277
6.4807,74.089,73.97,110.01,0.8515,5.2863,14420,0.72927
6.4609,73.086,73.078,109.99,0.84502,5.1802,14278,0.72544
6.4542,73.426,73.02,109.96,0.84417,5.2133,14238,0.72348
6.4483,73.567,72.702,109.75,0.84803,5.2405,14247,0.723
6.4659,73.742,73.059,109.78,0.8531,5.3017,14258,0.73155
6.4596,74.128,72.754,111.4,0.85896,5.3938,14289,0.73788
6.4471,74.685,72.336,111.35,0.86341,5.4617,14230,0.73491
6.4426,75.309,71.638,113.54,0.86363,5.5044,14151,0.73152
6.4004,75.004,70.963,114.13,0.85985,5.5973,14129,0.72549
6.3915,74.989,70.116,113.76,0.86096,5.5967,14188,0.72656
6.3987,74.544,71.501,113.9,0.86438,5.6361,14318,0.73515
6.3908,74.28,71.303,113.54,0.86775,5.4801,14240,0.74184
6.3843,74.297,72.905,114.16,0.88113,5.4956,14234,0.74348
6.3878,74.536,74.953,114.72,0.88881,5.5991,14300,0.74831
6.3744,75.046,74.013,113.21,0.88363,5.621,14377,0.75098
6.3679,75.507,73.824,113.53,0.88613,5.6089,14383,0.75633
6.3672,76.051,73.626,113.7,0.88472,5.6674,14339,0.75294
6.3716,75.449,73.821,114.05,0.88503,5.6934,14263,0.75051
6.3672,74.605,74.278,114.96,0.88331,5.6319,14236,0.74313
6.372,74.428,75.488,115.74,0.88394,5.6682,14345,0.73954
6.3652,73.988,75.384,114.82,0.87819,5.5887,14308,0.73288
6.3468,74.428,76.47,114.36,0.88028,5.492,14340,0.7347
6.342,74.886,78.44,114.6,0.89055,5.4384,14368,0.74365
6.3609,74.765,76.536,114.83,0.88511,5.3098,14364,0.73968
6.3608,74.923,75.028,115.49,0.87497,5.2477,14353,0.73761
6.3414,75.104,75.747,115.36,0.88098,5.1737,14308,0.73711
6.3239,74.94,81.21,115.11,0.88645,5.0844,14361,0.74045
6.3159,75.87,104.87,115.36,0.90139,5.1216,14382,0.74872
6.3221,76.666,114.2525,115.92,0.91149,5.0432,14320,0.76114
6.3609,76.229,104.82,118.48,0.90901,5.0962,14307,0.76392
6.3649,76.284,96,120.85,0.90868,4.8836,14354,0.75775
6.358,75.899,83.95,122.65,0.90367,4.7455,14355,0.76159
6.3625,75.711,76.08,123.52,0.91449,4.6746,14357,0.7639
6.37,76.091,79.995,125.59,0.9203,4.6974,14366,0.76692
6.4384,76.352,75.45,128.15,0.92302,4.6611,14368,0.76926
6.5705,76.579,70.96,128.91,0.94286,4.9323,14461,0.79378
6.6227,76.521,69.4025,129.97,0.94787,4.9934,14473,0.8018
6.747,77.373,64.545,129.68,0.95311,5.1425,14578,0.81325
6.7375,77.629,60.2325,128.71,0.95075,4.9723,14659,0.8056
6.6877,77.589,66.7,127.19,0.93537,4.8237,14614,0.79651
6.6693,77.588,60.95,129.01,0.93266,4.7607,14515,0.79474
6.6744,77.717,56.8,133.09,0.93545,4.8441,14499,0.79898
6.7212,78.076,56.41,134.24,0.9574,5.0868,14764,0.82299
6.7004,78.196,53.4,135.56,0.95048,5.1754,14842,0.81596
6.6982,78.889,54.5,135.92,0.95311,5.2471,14886,0.82249
6.7028,79.167,60.92,135.6,0.97532,5.3692,15007,0.83326
6.7355,79.7,57.165,137.79,0.99463,5.3956,15020,0.84201
6.752,79.927,57.29,137.95,0.98107,5.4348,14990,0.83562
6.7501,79.707,61.62,135.89,0.98367,5.3215,14945,0.82842
6.7539,79.066,60.58,132.67,0.97914,5.217,14889,0.82149
6.7488,79.575,60.605,134.11,0.97447,5.1222,14790,0.82359
6.7887,79.564,59.1,134.84,0.9858,5.1577,14801,0.83228
6.8544,79.857,60.5,136.89,1.0032,5.1223,14843,0.84706
6.9033,79.698,60.58,139.08,0.9997,5.135,14870,0.85984
6.9477,79.773,60.6,142.71,1.0042,5.196,14891,0.86788
6.9632,79.525,60.275,142.85,0.99473,5.1654,14904,0.86423
7.051,80.25,57.92,142.98,1.0097,5.1914,15016,0.88443
7.1626,81.62,58.45,144.53,1.035,5.3731,15203,0.92473
7.116,81.89,61.0025,144.75,1.0157,5.2046,15249,0.88701
7.1737,82.29,62.1075,146.47,1.0292,5.2397,15375,0.89871
7.2192,82.66,61.29,149.83,1.0226,5.2676,15526,0.89001
7.2456,82.48,61.52,147.84,1.0056,5.3058,15580,0.87219
7.2673,82.62,62.1,147.64,1.0123,5.1614,15672,0.87658
7.2171,81.44,60.5375,144.88,0.99423,5.2234,15632,0.86921
7.0933,81.36,60.4025,139.89,0.96488,5.3557,15615,0.84328
7.1581,81.69,60.5025,140.37,0.96834,5.3377,15685,0.83536
7.1078,81.44,62,137.24,0.95795,5.2823,15587,0.82552
6.9691,82.24,62.43,136.2,0.94859,5.2355,15579,0.81744
6.9697,82.68,64.65,136.62,0.94349,5.2961,15627,0.81386
6.9777,82.75,70.2,133.13,0.9418,5.2306,15580,0.82609
6.9505,82.8,69.9,133.11,0.93941,5.2579,15638,0.83051
6.8856,82.75,72.1225,131.98,0.94464,5.3761,15609,0.83418
6.7631,81.76,68.7875,131.26,0.93023,5.2066,15407,0.82333
6.7665,81.44,68.83,128.96,0.92362,5.1481,15130,0.81302
6.7826,81.54,69.46,130,0.91971,5.1301,14978,0.81011
6.7422,81.84,70.6,129.41,0.91651,5.0678,14956,0.81203
6.7891,82.61,73.39,131.4,0.93162,5.1965,15152,0.8278
6.8432,82.78,74.29,133.41,0.9351,5.2097,15196,0.8285
6.894,82.75,76.13,134.84,0.94038,5.1661,15195,0.82941
6.9147,82.45,75.6325,136.33,0.94206,5.2031,15278,0.83215
6.9478,81.97,76.1,136.44,0.94349,5.1765,15420,0.83733
6.8822,82.56,77.06,132.74,0.93967,5.261,15418,0.82499
6.8678,82.5,77.075,131.59,0.92764,5.2625,15246,0.81629
6.8798,82.22,77.5975,132.08,0.92217,5.1474,15065,0.8112
6.8802,82.1,81.1275,132.19,0.91693,5.0546,14933,0.80301
6.8744,81.94,81.79,133.21,0.91116,4.9711,14814,0.80244
6.8818,82.1,81.7,134.19,0.91224,4.9903,14923,0.80523
6.9163,81.86,80.25,134.38,0.90769,5.0406,14825,0.80266
6.9116,81.79,77.38,135.4,0.90711,5.0011,14690,0.79719
6.93,82.02,77.92,134.9,0.91291,4.9669,14744,0.79395
6.9906,82.44,80,137.07,0.92242,4.938,14862,0.8016
7.0517,82.74,80.06,138.85,0.92816,4.9805,14913,0.80646
7.087,82.56,81.5,139.58,0.93284,5.0241,14941,0.80472
7.1209,82.55,82.635,139.67,0.93275,4.9237,14861,0.80273
7.147,82.19,84.1375,140.23,0.92336,4.8484,14910,0.79033
7.1767,82,84.7,142.05,0.915,4.791,14985,0.78396
7.2392,82.04,89.55,143.98,0.91558,4.82,15027,0.78834
7.2355,82.28,91.25,144.14,0.91811,4.8432,15074,0.7858
7.1858,82.31,90.06,139.82,0.90302,4.8401,15075,0.77183
7.181,82.02,90.92,139.49,0.89246,4.8025,14999,0.77154
7.1572,81.97,91.7075,140.45,0.90351,4.7384,15039,0.77636
7.1701,82.55,95.685,142.7,0.91149,4.8029,15147,0.78449
7.21,82.77,99.43,143.39,0.91042,4.8938,15212,0.7852
7.2827,83.15,93.755,145.54,0.91676,4.9604,15319,0.78604
7.2876,82.79,95.4175,145.78,0.92166,4.9166,15298,0.78841
7.2836,82.72,96.09,146.17,0.92234,4.8856,15251,0.79109
7.3093,83.01,97.7825,147.15,0.93127,4.9652,15299,0.79759
7.2843,83,96.81,147.22,0.93353,4.9247,15366,0.80198
7.2981,83.12,96.25,147.89,0.93703,4.8761,15371,0.81042
7.3077,83.17,97.9675,149.06,0.94509,4.9926,15487,0.81955
7.3022,83.21,100.405,149.35,0.95084,5.1266,15606,0.82363
7.2998,83.25,97.24,149.16,0.94589,5.0892,15698,0.81697
7.3144,83.21,95.32,149.7,0.94661,5.0549,15778,0.8222
7.3162,83.17,94.125,150,0.94545,5.0091,15907,0.82369
7.3149,83.25,92.4225,150.25,0.94118,4.9864,15838,0.8206
7.2824,83.28,92.2925,150.73,0.9351,4.8934,15641,0.81382
7.2564,83.2,90,150.85,0.92618,4.8814,15567,0.80854
7.151,83.34,88.6,148.74,0.91558,4.8876,15534,0.79792
7.1429,83.34,90.4075,148.12,0.91424,4.908,15485,0.79069
7.1512,83.37,91.8975,146.08,0.92575,4.913,15506,0.79349
7.1522,83.31,90.275,144.14,0.92225,4.9348,15587,0.79206
7.1368,83.18,92,143.12,0.91191,4.8862,15489,0.78858
7.1185,83.22,90.36,141.66,0.90285,4.839,15432,0.78487
7.1496,83.26,90.95,143.62,0.91433,4.9123,15535,0.78999
7.165,83.04,88.41,144.95,0.91308,4.885,15551,0.78562
7.189,83.07,88.2,147.25,0.91802,4.9056,15604,0.78871
7.1722,83.13,89.7375,147.66,0.91861,4.9299,15739,0.78544
7.179,83.04,91.05,147.38,0.92242,4.9374,15751,0.78762
7.1943,83.02,90.9,148.81,0.92945,4.9762,15690,0.79409
7.1937,83.02,92.2225,149.86,0.92954,4.961,15610,0.7938
7.1947,82.94,92.8525,150.17,0.92481,4.9484,15626,0.79107
7.1973,82.88,91.67,150.43,0.92328,4.9721,15688,0.79015
7.1969,82.82,90.6025,149.09,0.9192,4.9507,15670,0.78543
7.1876,82.81,92.9025,147.88,0.91575,4.985,15560,0.78195
7.2048,83.16,92.795,150.79,0.92047,5.005,15736,0.7877
7.2217,83.36,92.48,151.25,0.92345,4.9897,15838,0.79145
7.235,83.4,92.5,151.64,0.92541,5.0477,15900,0.79304
7.2348,83.31,93.43,152.35,0.92713,5.0535,15953,0.79347
7.2387,83.53,93.1525,154.44,0.9387,5.2256,16191,0.80258
7.246,83.34,92.3975,155.38,0.93589,5.1621,16210,0.80419
7.2411,83.45,91.6,155.33,0.93284,5.1207,16180,0.79776
7.2209,83.5,92.255,155.13,0.92945,5.103,16060,0.79859
7.2266,83.47,90.95,155.69,0.92362,5.1367,16021,0.79317
7.2384,83.25,89.525,156.47,0.92166,5.1258,16016,0.7863
7.2429,83.28,90.1,156.93,0.92166,5.1802,16167,0.78479
7.2437,83.39,89.3475,155.93,0.92013,5.2683,16260,0.78317
7.2478,83.49,89.5779,156.88,0.92971,5.318,16298,0.78621
7.2562,83.54,89.0619,157.87,0.93353,5.3996,16458,0.78952
7.2592,83.49,85.7505,159.52,0.93197,5.4313,16399,0.78966
7.2682,83.44,88.0079,161.14,0.93067,5.5855,16351,0.78911
7.2696,83.5,87.8791,160.93,0.92293,5.4698,16266,0.77905
7.2619,83.59,87.6963,158.01,0.91684,5.4401,16186,0.77056
7.2732,83.66,86.1075,156.87,0.91844,5.6012,16209,0.77347
7.1171,84.15,85.5017,142.24,0.91191,5.8142,16191,0.78313
7.1798,83.97,86.9023,147.6,0.91533,5.4918,15967,0.7831
7.1414,83.88,89.4455,146.02,0.90572,5.4538,15589,0.77206
7.1228,83.9,91.4955,144.17,0.89582,5.4942,15441,0.75826
7.113,83.91,90.6455,146.97,0.90408,5.622,15541,0.7614
7.1166,83.95,90.3455,143.56,0.90555,5.6144,15470,0.76397
7.0963,83.86,89.9955,139.91,0.8988,5.552,15366,0.75749
7.0544,83.55,92.3505,143.52,0.89936,5.5739,15187,0.75113
7.1131,84.07,94.3205,150,0.9214,5.7084,15495,0.76767
