Date,GBP,IDR,BRZ,EU,JPY,RUB,INR,CNY
2007-12-31 00:00:00,0.50511,9410.0,1.7591,0.67921,109.89,24.439,39.17,7.2794
2008-01-07 00:00:00,0.509,9441.0,1.7618,0.67972,109.4,24.448,39.21,7.266
2008-01-14 00:00:00,0.50916,9437.0,1.7566,0.67622,107.2,24.37,39.34,7.2431
2008-01-21 00:00:00,0.51048,9407.0,1.8111,0.68568,106.44,24.662,39.235,7.2291
2008-01-28 00:00:00,0.50295,9283.0,1.7711,0.67481,106.69,24.452,39.605,7.191
2008-02-04 00:00:00,0.5104,9229.0,1.7567,0.68287,106.85,24.639,39.66,7.1861
2008-02-11 00:00:00,0.51036,9237.0,1.7507,0.68526,107.51,24.641,40.015,7.1883
2008-02-18 00:00:00,0.51178,9171.0,1.7255,0.67916,107.76,24.54,39.92,7.1491
2008-02-25 00:00:00,0.50536,9088.0,1.685,0.66644,106.46,24.213,40.43,7.135
2008-03-03 00:00:00,0.50152,9081.0,1.6778,0.65496,103.12,23.954,40.455,7.1072
2008-03-10 00:00:00,0.4946,9195.0,1.687,0.64654,101.79,23.762,39.87,7.0971
2008-03-17 00:00:00,0.49981,9221.0,1.713,0.63841,98.36,23.601,39.87,7.0698
2008-03-24 00:00:00,0.49997,9195.0,1.7344,0.63633,99.78,23.557,39.855,7.0248
2008-03-31 00:00:00,0.5031,9221.0,1.7343,0.63816,101.46,23.591,39.84,7.0149
2008-04-07 00:00:00,0.50587,9195.0,1.6969,0.63436,101.78,23.514,39.755,7.0005
2008-04-14 00:00:00,0.50482,9190.0,1.673,0.63072,101.85,23.436,40.065,6.9923
2008-04-21 00:00:00,0.50395,9205.0,1.6643,0.63183,103.53,23.457,40.56,6.9957
2008-04-28 00:00:00,0.50531,9221.0,1.6791,0.64313,104.48,23.694,41.565,6.9905
2008-05-05 00:00:00,0.5103,9233.0,1.6752,0.64746,104.44,23.779,42.41,6.9916
2008-05-12 00:00:00,0.51359,9279.0,1.6646,0.64671,104.57,23.832,42.55,6.9926
2008-05-19 00:00:00,0.50773,9296.0,1.6487,0.63723,103.66,23.64,42.16,6.9586
2008-05-26 00:00:00,0.50608,9322.0,1.6525,0.6391,104.58,23.625,42.665,6.9419
2008-06-02 00:00:00,0.51038,9312.0,1.6276,0.6445,105.27,23.737,42.88,6.9332
2008-06-09 00:00:00,0.51067,9322.0,1.6363,0.6445,107.12,23.686,42.845,6.9151
2008-06-16 00:00:00,0.50967,9290.0,1.615,0.64499,108.0,23.652,42.79,6.8863
2008-06-23 00:00:00,0.5063,9240.0,1.6039,0.63967,107.48,23.542,43.15,6.8676
2008-06-30 00:00:00,0.50296,9217.0,1.6036,0.63371,106.13,23.44,42.78,6.8548
2008-07-07 00:00:00,0.50665,9181.0,1.6068,0.63617,107.15,23.459,42.735,6.8508
2008-07-14 00:00:00,0.50026,9146.0,1.5941,0.6298,105.66,23.202,42.16,6.8231
2008-07-21 00:00:00,0.50084,9139.0,1.5798,0.63347,107.23,23.297,42.27,6.8256
2008-07-28 00:00:00,0.50441,9111.0,1.5678,0.63918,107.84,23.407,41.98,6.8329
2008-08-04 00:00:00,0.5129,9102.0,1.5787,0.64872,108.78,23.653,42.81,6.8551
2008-08-11 00:00:00,0.52998,9179.0,1.616,0.6715,109.7,24.332,43.33,6.8614
2008-08-18 00:00:00,0.53705,9166.0,1.6258,0.6781,109.64,24.452,43.87,6.8539
2008-08-25 00:00:00,0.54336,9161.0,1.6284,0.67898,109.34,24.568,44.665,6.8385
2008-09-01 00:00:00,0.56146,9232.0,1.6738,0.69142,107.97,25.078,45.71,6.8372
2008-09-08 00:00:00,0.56813,9361.0,1.7679,0.70972,107.52,25.624,45.81,6.8424
2008-09-15 00:00:00,0.55594,9416.0,1.8366,0.70048,105.52,25.476,46.52,6.84
2008-09-22 00:00:00,0.54086,9343.0,1.8319,0.68185,105.86,25.042,46.8,6.8267
2008-09-29 00:00:00,0.56036,9446.0,1.9452,0.70952,105.56,25.656,48.365,6.8485
2008-10-06 00:00:00,0.57405,9659.0,2.2529,0.73249,101.27,26.106,48.715,6.8264
2008-10-13 00:00:00,0.57421,9820.0,2.151,0.73611,101.22,26.178,49.77,6.8323
2008-10-20 00:00:00,0.60668,9958.0,2.2972,0.77095,98.4,26.803,49.325,6.8354
2008-10-27 00:00:00,0.6259,10824.0,2.1755,0.78678,96.44,27.087,47.49,6.8429
2008-11-03 00:00:00,0.62841,10997.0,2.1579,0.78076,98.42,26.977,48.79,6.8303
2008-11-10 00:00:00,0.65619,11512.0,2.2466,0.78902,97.36,27.337,49.555,6.8269
2008-11-17 00:00:00,0.66782,12165.0,2.3639,0.79252,95.91,27.463,49.575,6.83
2008-11-24 00:00:00,0.65738,12405.0,2.3328,0.77948,95.6,27.542,49.49,6.8293
2008-12-01 00:00:00,0.67586,12115.0,2.4253,0.79095,93.08,28.027,48.48,6.8833
2008-12-08 00:00:00,0.67342,11205.0,2.4472,0.76722,92.01,27.909,47.15,6.8622
2008-12-15 00:00:00,0.65762,11099.0,2.375,0.71618,89.37,27.639,48.435,6.8414
2008-12-22 00:00:00,0.67612,11234.0,2.3749,0.7151,90.18,28.484,48.12,6.8465
2008-12-29 00:00:00,0.68853,11037.0,2.3471,0.71235,90.68,29.413,47.817,6.8335
2009-01-05 00:00:00,0.67037,10993.0,2.2599,0.73735,92.63,29.703,48.51,6.8343
2009-01-12 00:00:00,0.68006,11169.0,2.3298,0.75546,89.71,31.774,48.736,6.8359
2009-01-19 00:00:00,0.7187,11235.0,2.3502,0.7716,89.63,32.994,49.01,6.8376
2009-01-26 00:00:00,0.70651,11351.0,2.3004,0.76511,89.53,34.063,48.738,6.8381
2009-02-02 00:00:00,0.69398,11725.0,2.3153,0.78064,89.79,36.263,48.56,6.839
2009-02-09 00:00:00,0.68689,11848.0,2.2726,0.77435,90.93,35.267,48.588,6.8334
2009-02-16 00:00:00,0.69956,12098.0,2.3211,0.79001,92.9,35.93,49.408,6.8369
2009-02-23 00:00:00,0.69465,11993.0,2.3794,0.78394,96.55,35.869,50.209,6.8383
2009-03-02 00:00:00,0.70809,12072.0,2.4015,0.7939,98.13,36.034,51.77,6.8421
2009-03-09 00:00:00,0.72275,12005.0,2.3384,0.78345,98.17,35.105,51.594,6.8398
2009-03-16 00:00:00,0.70342,11928.0,2.2666,0.75375,97.25,34.102,50.985,6.833
2009-03-23 00:00:00,0.68698,11552.0,2.2554,0.74118,97.78,33.512,50.514,6.82
2009-03-30 00:00:00,0.69146,11574.0,2.2806,0.75115,98.78,33.72,50.627,6.8452
2009-04-06 00:00:00,0.67861,11350.0,2.2127,0.75109,100.32,33.498,50.047,6.8354
2009-04-13 00:00:00,0.67206,10811.0,2.1862,0.75896,99.32,33.423,49.715,6.8323
2009-04-20 00:00:00,0.68625,10848.0,2.2176,0.76775,97.97,33.759,50.138,6.8308
2009-04-27 00:00:00,0.68049,10777.0,2.2034,0.75965,97.0,33.297,50.179,6.8259
2009-05-04 00:00:00,0.66488,10444.0,2.1221,0.74923,99.1,32.759,49.436,6.8218
2009-05-11 00:00:00,0.65927,10386.0,2.0843,0.73573,96.34,32.167,49.528,6.8236
2009-05-18 00:00:00,0.64219,10303.0,2.0468,0.7295,95.35,31.646,47.493,6.8248
2009-05-25 00:00:00,0.62627,10298.0,2.022,0.71659,95.64,31.134,47.51,6.8275
2009-06-01 00:00:00,0.61197,10127.0,1.9448,0.70487,96.02,30.724,47.072,6.831
2009-06-08 00:00:00,0.61472,10077.0,1.945,0.71531,98.18,31.086,47.519,6.8349
2009-06-15 00:00:00,0.61192,10272.0,1.959,0.72015,96.87,31.214,47.886,6.8359
2009-06-22 00:00:00,0.60947,10370.0,1.9742,0.71531,95.72,31.266,48.443,6.8344
2009-06-29 00:00:00,0.60708,10226.0,1.941,0.71078,96.15,31.16,47.909,6.8323
2009-07-06 00:00:00,0.61807,10214.0,1.987,0.71726,94.01,31.835,48.637,6.8327
2009-07-13 00:00:00,0.61293,10176.0,1.9556,0.71149,93.3,32.12,48.816,6.832
2009-07-20 00:00:00,0.60757,10032.0,1.8989,0.70338,94.28,31.064,48.37,6.831
2009-07-27 00:00:00,0.60691,9951.0,1.883,0.70626,95.09,31.217,48.234,6.8313
2009-08-03 00:00:00,0.59223,9918.0,1.8306,0.69614,95.18,31.268,47.59,6.8309
2009-08-10 00:00:00,0.60342,9953.0,1.8322,0.70299,96.12,31.971,48.088,6.8344
2009-08-17 00:00:00,0.60821,10052.0,1.8543,0.70562,94.26,31.929,48.763,6.8333
2009-08-24 00:00:00,0.61203,10068.0,1.8491,0.69881,94.1,31.509,48.767,6.8312
2009-08-31 00:00:00,0.61405,10117.0,1.8808,0.70023,92.84,31.776,48.935,6.8303
2009-09-07 00:00:00,0.60389,9964.0,1.8292,0.68999,92.12,31.11,48.536,6.8287
2009-09-14 00:00:00,0.60693,9793.0,1.8107,0.6825,91.0,30.581,48.379,6.8276
2009-09-21 00:00:00,0.61636,9680.0,1.8007,0.67879,91.22,30.124,47.978,6.8274
2009-09-28 00:00:00,0.62696,9675.0,1.7863,0.68568,89.67,30.117,47.835,6.8267
2009-10-05 00:00:00,0.62695,9456.0,1.7549,0.67986,89.05,29.766,46.771,6.8262
2009-10-12 00:00:00,0.62372,9408.0,1.724,0.67345,90.11,29.463,46.305,6.8262
2009-10-19 00:00:00,0.60786,9445.0,1.7313,0.66818,91.13,29.147,46.381,6.8277
2009-10-26 00:00:00,0.60918,9583.0,1.7301,0.67326,91.5,29.112,47.003,6.8283
2009-11-02 00:00:00,0.60698,9537.0,1.7411,0.67641,90.44,29.183,47.031,6.8276
2009-11-09 00:00:00,0.60025,9404.0,1.7189,0.66867,89.9,28.769,46.421,6.8267
2009-11-16 00:00:00,0.59934,9447.0,1.7196,0.67137,89.17,28.826,46.387,6.8273
2009-11-23 00:00:00,0.60353,9469.0,1.73,0.66658,87.67,28.976,46.432,6.8282
2009-11-30 00:00:00,0.60228,9439.0,1.7231,0.66335,87.38,29.214,46.283,6.8267
2009-12-07 00:00:00,0.61317,9460.0,1.7496,0.67737,88.74,30.252,46.567,6.8277
2009-12-14 00:00:00,0.61618,9489.0,1.7663,0.69032,89.65,30.416,46.732,6.828
2009-12-21 00:00:00,0.62463,9494.0,1.7738,0.69784,91.35,30.23,46.782,6.8283
2009-12-28 00:00:00,0.62452,9443.0,1.7379,0.69464,92.0,29.998,46.639,6.8277
2010-01-04 00:00:00,0.62478,9328.0,1.7352,0.69677,92.77,29.854,45.968,6.8272
2010-01-11 00:00:00,0.61608,9171.0,1.7496,0.69032,91.58,29.482,45.591,6.8271
2010-01-18 00:00:00,0.61557,9308.0,1.7892,0.70442,90.91,29.722,45.923,6.8269
2010-01-25 00:00:00,0.61843,9369.0,1.8417,0.71149,90.0,30.275,46.201,6.8267
2010-02-01 00:00:00,0.63012,9367.0,1.8596,0.72077,90.34,30.212,46.321,6.8272
2010-02-08 00:00:00,0.64017,9368.0,1.8588,0.7303,89.66,30.309,46.591,6.8302
2010-02-15 00:00:00,0.6399,9319.0,1.839,0.73454,90.68,30.107,46.244,6.8328
2010-02-22 00:00:00,0.65049,9316.0,1.8182,0.73735,90.15,30.035,46.229,6.8265
2010-03-01 00:00:00,0.66597,9266.0,1.792,0.73567,88.99,29.866,45.864,6.8262
2010-03-08 00:00:00,0.66478,9177.0,1.7755,0.7326,90.37,29.574,45.501,6.8263
2010-03-15 00:00:00,0.6583,9143.0,1.7719,0.7311,90.53,29.284,45.485,6.8263
2010-03-22 00:00:00,0.66964,9122.0,1.7994,0.74588,91.51,29.615,45.462,6.827
2010-03-29 00:00:00,0.66185,9083.0,1.791,0.74212,93.09,29.458,44.903,6.8261
2010-04-05 00:00:00,0.65678,9052.0,1.7712,0.74884,93.63,29.353,44.43,6.8249
2010-04-12 00:00:00,0.64833,9014.0,1.7532,0.73681,93.17,29.031,44.385,6.8259
2010-04-19 00:00:00,0.65134,9018.0,1.7572,0.74694,93.01,29.175,44.556,6.8268
2010-04-26 00:00:00,0.65313,9017.0,1.744,0.75273,94.12,29.202,44.473,6.826
2010-05-03 00:00:00,0.66394,9120.0,1.7765,0.7725,94.01,29.872,44.961,6.826
2010-05-10 00:00:00,0.67526,9106.0,1.7805,0.78827,92.85,30.07,45.107,6.8277
2010-05-17 00:00:00,0.69605,9175.0,1.8356,0.80802,91.47,30.804,46.267,6.8274
2010-05-24 00:00:00,0.69295,9266.0,1.8513,0.81261,90.42,31.035,47.045,6.8304
2010-05-31 00:00:00,0.68513,9211.0,1.8267,0.81954,91.97,31.119,46.801,6.8288
2010-06-07 00:00:00,0.68787,9258.0,1.8405,0.83215,91.56,31.658,46.962,6.8303
2010-06-14 00:00:00,0.67689,9147.0,1.7909,0.81274,91.25,31.187,46.41,6.8305
2010-06-21 00:00:00,0.67232,9044.0,1.7801,0.81334,90.21,31.027,46.199,6.8028
2010-06-28 00:00:00,0.66389,9055.0,1.7941,0.81057,88.41,31.18,46.512,6.7854
2010-07-05 00:00:00,0.66066,9063.0,1.7686,0.79397,87.86,31.038,46.834,6.7764
2010-07-12 00:00:00,0.65704,9047.0,1.7602,0.7853,88.02,30.62,46.739,6.7745
2010-07-19 00:00:00,0.65489,9062.0,1.7759,0.77682,86.99,30.468,47.14,6.7787
2010-07-26 00:00:00,0.64223,8991.0,1.7636,0.76858,87.06,30.237,46.68,6.7773
2010-08-02 00:00:00,0.62915,8942.0,1.753,0.75919,86.02,29.88,46.185,6.7719
2010-08-09 00:00:00,0.63628,8974.0,1.7657,0.76935,85.64,30.28,46.549,6.779
2010-08-16 00:00:00,0.64068,8970.0,1.7571,0.77997,85.4,30.484,46.588,6.7947
2010-08-23 00:00:00,0.64621,8995.0,1.7645,0.78945,84.6,30.799,46.842,6.7987
2010-08-30 00:00:00,0.64833,9014.0,1.7456,0.78333,84.34,30.743,46.826,6.8071
2010-09-06 00:00:00,0.64953,8981.0,1.7267,0.78425,83.91,30.818,46.546,6.7851
2010-09-13 00:00:00,0.64433,8960.0,1.7154,0.77184,84.86,30.883,46.219,6.7394
2010-09-20 00:00:00,0.64002,8961.0,1.7182,0.7542,84.92,31.002,45.562,6.709
2010-09-27 00:00:00,0.63157,8933.0,1.7013,0.73616,83.71,30.512,44.896,6.6906
2010-10-04 00:00:00,0.62942,8929.0,1.6812,0.7227,82.85,30.06,44.449,6.6845
2010-10-11 00:00:00,0.62735,8921.0,1.6609,0.71515,81.61,30.057,44.36,6.6596
2010-10-18 00:00:00,0.63463,8936.0,1.6814,0.71875,81.31,30.589,44.405,6.6501
2010-10-25 00:00:00,0.63069,8927.0,1.7059,0.71984,81.13,30.576,44.469,6.6718
2010-11-01 00:00:00,0.61972,8912.0,1.6908,0.71139,80.86,30.73,44.265,6.6751
2010-11-08 00:00:00,0.62013,8908.0,1.7053,0.72417,81.71,30.689,44.434,6.6436
2010-11-15 00:00:00,0.6254,8967.0,1.723,0.73486,83.31,31.113,45.282,6.6395
2010-11-22 00:00:00,0.63222,8973.0,1.7257,0.74593,83.54,31.287,45.627,6.6516
2010-11-29 00:00:00,0.64171,9020.0,1.7118,0.7615,84.06,31.394,45.525,6.6631
2010-12-06 00:00:00,0.63438,9019.0,1.6885,0.75415,83.47,31.083,44.985,6.6532
2010-12-13 00:00:00,0.63779,9024.0,1.7027,0.7512,83.77,30.731,45.22,6.6593
2010-12-20 00:00:00,0.64712,9044.0,1.6994,0.76249,83.47,30.672,45.202,6.6502
2010-12-27 00:00:00,0.6475,9004.0,1.6775,0.75632,81.98,30.436,44.994,6.6158
2011-01-03 00:00:00,0.64377,8991.0,1.6691,0.75717,82.51,30.59,45.159,6.6141
2011-01-10 00:00:00,0.6384,9058.0,1.6839,0.76488,83.09,30.354,45.282,6.6112
2011-01-17 00:00:00,0.62621,9062.0,1.6734,0.74427,82.44,29.928,45.536,6.5855
2011-01-24 00:00:00,0.62941,9046.0,1.6715,0.73233,82.56,29.747,45.705,6.5849
2011-01-31 00:00:00,0.62109,9024.0,1.6684,0.7286,81.73,29.517,45.687,6.5875
2011-02-07 00:00:00,0.62272,8935.0,1.672,0.73567,82.69,29.331,45.529,6.5877
2011-02-14 00:00:00,0.62086,8885.0,1.6689,0.73915,83.6,29.279,45.418,6.5844
2011-02-21 00:00:00,0.6182,8858.0,1.6662,0.72886,82.54,29.136,45.237,6.5747
2011-02-28 00:00:00,0.61485,8808.0,1.6585,0.72176,82.14,28.487,45.04,6.5703
2011-03-07 00:00:00,0.61894,8781.0,1.6571,0.71999,82.5,28.402,45.113,6.5692
2011-03-14 00:00:00,0.62102,8784.0,1.6677,0.71515,80.68,28.639,45.123,6.5713
2011-03-21 00:00:00,0.61613,8714.0,1.6612,0.70636,81.02,28.295,44.847,6.5563
2011-03-28 00:00:00,0.62434,8715.0,1.6425,0.70887,82.7,28.424,44.7,6.5553
2011-04-04 00:00:00,0.61467,8659.0,1.6001,0.70038,84.79,28.231,44.291,6.5399
2011-04-11 00:00:00,0.61289,8663.0,1.5817,0.69204,83.9,28.143,44.451,6.5352
2011-04-18 00:00:00,0.61092,8659.0,1.5743,0.69353,82.55,28.168,44.407,6.5196
2011-04-25 00:00:00,0.60299,8605.0,1.5703,0.67866,81.73,27.606,44.4,6.5074
2011-05-02 00:00:00,0.60538,8564.0,1.5962,0.67737,80.68,27.414,44.575,6.4924
2011-05-09 00:00:00,0.61164,8558.0,1.6152,0.69886,80.84,27.825,44.806,6.4953
2011-05-16 00:00:00,0.61713,8567.0,1.6219,0.70378,81.44,28.082,45.066,6.503
2011-05-23 00:00:00,0.61537,8582.0,1.6253,0.70811,81.75,28.32,45.249,6.496
2011-05-30 00:00:00,0.60913,8540.0,1.5839,0.6943,80.98,27.962,44.925,6.4803
2011-06-06 00:00:00,0.61044,8517.0,1.5828,0.68535,80.06,27.774,44.719,6.4776
2011-06-13 00:00:00,0.6157,8568.0,1.5956,0.69979,80.5,28.032,44.828,6.4784
2011-06-20 00:00:00,0.62119,8604.0,1.5945,0.69994,80.28,28.092,44.941,6.4699
2011-06-27 00:00:00,0.62526,8595.0,1.5785,0.69609,80.77,28.075,44.84,6.4684
2011-07-04 00:00:00,0.62422,8534.0,1.5637,0.69667,81.09,27.941,44.41,6.4654
2011-07-11 00:00:00,0.62514,8549.0,1.5779,0.70972,79.539,28.188,44.546,6.4648
2011-07-18 00:00:00,0.61867,8543.0,1.5658,0.70398,78.824,27.973,44.477,6.459
2011-07-25 00:00:00,0.61223,8504.0,1.5551,0.69623,77.895,27.617,44.195,6.4425
2011-08-01 00:00:00,0.61238,8501.0,1.5672,0.70156,77.887,27.905,44.391,6.437
2011-08-08 00:00:00,0.61453,8558.0,1.6138,0.70175,76.947,29.309,45.232,6.4142
2011-08-15 00:00:00,0.60825,8540.0,1.596,0.69541,76.613,28.925,45.521,6.3888
2011-08-22 00:00:00,0.60908,8562.0,1.6039,0.69314,76.745,28.938,45.898,6.3923
2011-08-29 00:00:00,0.61407,8533.0,1.6048,0.6956,76.767,28.969,46.011,6.3798
2011-09-05 00:00:00,0.62362,8564.0,1.6554,0.71306,77.282,29.589,46.181,6.3884
2011-09-12 00:00:00,0.63242,8735.0,1.7106,0.72902,76.854,30.383,47.457,6.3943
2011-09-19 00:00:00,0.64232,9023.0,1.8207,0.73676,76.402,31.681,48.636,6.3875
2011-09-26 00:00:00,0.64108,9006.0,1.8251,0.73714,76.566,32.05,49.041,6.3948
2011-10-03 00:00:00,0.64774,8905.0,1.853,0.75131,76.724,32.536,49.284,6.3701
2011-10-10 00:00:00,0.63724,8899.0,1.7601,0.72993,76.818,31.327,49.082,6.37
2011-10-17 00:00:00,0.63321,8824.0,1.7674,0.72585,76.867,31.12,49.469,6.3799
2011-10-24 00:00:00,0.62471,8836.0,1.7421,0.71531,75.937,30.374,49.421,6.362
2011-10-31 00:00:00,0.62487,8919.0,1.7283,0.7248,78.053,30.548,49.079,6.353
2011-11-07 00:00:00,0.62525,8946.0,1.7516,0.73067,77.744,30.449,49.779,6.3438
2011-11-14 00:00:00,0.63139,9003.0,1.7717,0.73823,76.916,30.729,50.802,6.3522
2011-11-21 00:00:00,0.64235,9075.0,1.8416,0.74649,77.128,31.299,52.288,6.3634
2011-11-28 00:00:00,0.63884,9079.0,1.8203,0.7451,77.751,31.007,51.762,6.3654
2011-12-05 00:00:00,0.63864,9032.0,1.794,0.74621,77.696,31.263,51.642,6.3457
2011-12-12 00:00:00,0.64313,9100.0,1.8462,0.76324,77.874,31.736,53.241,6.3518
2011-12-19 00:00:00,0.63957,9068.0,1.8577,0.76605,77.968,31.721,52.817,6.3376
2011-12-26 00:00:00,0.64246,9168.0,1.8656,0.76965,77.673,31.856,52.996,6.3166
2012-01-02 00:00:00,0.64406,9153.0,1.8452,0.77513,76.901,31.953,53.001,6.3044
2012-01-09 00:00:00,0.6496,9159.0,1.8033,0.78419,76.866,31.706,51.826,6.3151
2012-01-16 00:00:00,0.64913,9055.0,1.7736,0.77997,76.858,31.501,50.602,6.3193
2012-01-23 00:00:00,0.64027,8957.0,1.7522,0.76628,77.418,30.632,49.998,6.312
2012-01-30 00:00:00,0.63333,8983.0,1.7367,0.76086,76.299,30.26,49.262,6.31
2012-02-06 00:00:00,0.63215,8953.0,1.725,0.75867,77.05,29.967,49.279,6.3035
2012-02-13 00:00:00,0.63527,9009.0,1.7206,0.76156,78.463,30.038,49.313,6.2962
2012-02-20 00:00:00,0.63394,9050.0,1.7118,0.75267,80.05,29.63,49.152,6.2975
2012-02-27 00:00:00,0.62926,9080.0,1.7096,0.74833,80.79,29.159,49.211,6.2985
2012-03-05 00:00:00,0.63355,9152.0,1.7545,0.75844,81.34,29.529,50.157,6.3127
2012-03-12 00:00:00,0.63741,9164.0,1.8074,0.76441,83.11,29.496,50.099,6.3294
2012-03-19 00:00:00,0.63128,9153.0,1.8209,0.75781,83.33,29.319,50.771,6.313
2012-03-26 00:00:00,0.62783,9168.0,1.8204,0.75103,82.6,29.193,51.003,6.2994
2012-04-02 00:00:00,0.62757,9144.0,1.8296,0.75694,82.23,29.433,50.96,6.2974
2012-04-09 00:00:00,0.62849,9156.0,1.8279,0.76127,81.01,29.588,51.462,6.3058
2012-04-16 00:00:00,0.62588,9178.0,1.8624,0.76307,81.27,29.563,51.839,6.3048
2012-04-23 00:00:00,0.61921,9190.0,1.8807,0.75827,81.05,29.392,52.574,6.2982
2012-04-30 00:00:00,0.61753,9216.0,1.9101,0.76046,80.24,29.506,53.114,6.2862
2012-05-07 00:00:00,0.61973,9213.0,1.9454,0.77024,79.797,30.139,53.373,6.3036
2012-05-14 00:00:00,0.6272,9272.0,1.9912,0.78315,79.967,30.807,54.235,6.323
2012-05-21 00:00:00,0.63556,9366.0,2.0441,0.79014,79.52,31.495,55.471,6.3273
2012-05-28 00:00:00,0.64292,9512.0,2.0008,0.80321,78.988,32.779,55.762,6.3495
2012-06-04 00:00:00,0.6475,9429.0,2.0346,0.80109,78.859,32.872,55.415,6.367
2012-06-11 00:00:00,0.64402,9430.0,2.0509,0.79726,79.335,32.664,55.677,6.3536
2012-06-18 00:00:00,0.6379,9439.0,2.0418,0.79177,79.446,32.717,56.31,6.361
2012-06-25 00:00:00,0.64179,9467.0,2.0694,0.80064,79.544,33.039,56.74,6.3595
2012-07-02 00:00:00,0.64048,9385.0,2.0116,0.79962,79.81,32.48,54.953,6.3543
2012-07-09 00:00:00,0.64542,9446.0,2.035,0.81699,79.379,32.838,55.61,6.37
2012-07-16 00:00:00,0.64006,9459.0,2.0271,0.81726,78.849,32.301,55.241,6.3746
2012-07-23 00:00:00,0.64153,9482.0,2.0331,0.82095,78.22,32.549,55.821,6.3853
2012-07-30 00:00:00,0.63972,9459.0,2.0404,0.81407,78.232,32.276,55.66,6.3698
2012-08-06 00:00:00,0.6401,9473.0,2.0274,0.81018,78.409,31.738,55.317,6.3642
2012-08-13 00:00:00,0.63682,9497.0,2.0222,0.81189,78.932,31.862,55.634,6.3615
2012-08-20 00:00:00,0.63314,9498.0,2.0187,0.80341,79.071,31.882,55.464,6.3561
2012-08-27 00:00:00,0.63162,9544.0,2.0426,0.79643,78.608,32.13,55.628,6.3522
2012-09-03 00:00:00,0.6285,9570.0,2.0338,0.79277,78.532,32.18,55.606,6.3449
2012-09-10 00:00:00,0.62175,9561.0,2.0221,0.77561,77.965,31.379,55.142,6.3291
2012-09-17 00:00:00,0.61642,9524.0,2.0256,0.76823,78.421,31.034,53.974,6.3124
2012-09-24 00:00:00,0.61713,9579.0,2.0289,0.77525,77.766,31.131,53.249,6.3017
2012-10-01 00:00:00,0.61965,9586.0,2.0236,0.77322,78.319,31.099,52.13,6.3207
2012-10-08 00:00:00,0.62343,9599.0,2.0344,0.77292,78.327,31.076,52.76,6.2842
2012-10-15 00:00:00,0.62081,9599.0,2.0331,0.76581,78.963,30.824,53.194,6.2586
2012-10-22 00:00:00,0.62279,9617.0,2.027,0.7703,79.918,31.253,53.677,6.2492
2012-10-29 00:00:00,0.62182,9615.0,2.0308,0.77304,79.909,31.374,53.874,6.2404
2012-11-05 00:00:00,0.62631,9623.0,2.0391,0.78425,79.915,31.555,54.48,6.2541
2012-11-12 00:00:00,0.63025,9624.0,2.0616,0.78542,80.29,31.694,54.901,6.2309
2012-11-19 00:00:00,0.62782,9632.0,2.0902,0.77906,81.97,31.291,55.189,6.2318
2012-11-26 00:00:00,0.62447,9612.0,2.0898,0.77166,82.17,30.983,55.14,6.2263
2012-12-03 00:00:00,0.62184,9620.0,2.0957,0.76699,82.19,30.875,54.524,6.2283
2012-12-10 00:00:00,0.62056,9635.0,2.0779,0.76781,82.95,30.699,54.356,6.2481
2012-12-17 00:00:00,0.61573,9649.0,2.0794,0.75649,84.09,30.757,54.845,6.2327
2012-12-24 00:00:00,0.61876,9653.0,2.0572,0.75632,85.46,30.531,54.893,6.2347
2012-12-31 00:00:00,0.61885,9680.0,2.0455,0.76092,87.1,30.384,54.722,6.2328
2013-01-07 00:00:00,0.62249,9658.0,2.0328,0.76254,88.04,30.344,54.889,6.2244
2013-01-14 00:00:00,0.62472,9644.0,2.0396,0.75036,89.05,30.295,54.441,6.2193
2013-01-21 00:00:00,0.63103,9629.0,2.0391,0.74862,89.53,30.159,53.726,6.2207
2013-01-28 00:00:00,0.6338,9703.0,1.9974,0.73954,91.17,30.071,53.474,6.2246
2013-02-04 00:00:00,0.63586,9685.0,1.9822,0.74047,93.13,30.058,53.271,6.2329
2013-02-11 00:00:00,0.64229,9646.0,1.9683,0.74671,93.5,30.116,53.948,6.2328
2013-02-18 00:00:00,0.65085,9696.0,1.9635,0.7525,93.45,30.22,54.315,6.2414
2013-02-25 00:00:00,0.66061,9695.0,1.9771,0.76214,92.5,30.536,54.21,6.229
2013-03-04 00:00:00,0.66348,9698.0,1.9687,0.76717,94.09,30.712,54.694,6.2209
2013-03-11 00:00:00,0.66828,9697.0,1.9598,0.76864,96.1,30.726,54.257,6.2164
2013-03-18 00:00:00,0.66049,9730.0,1.9913,0.7731,95.22,30.885,54.287,6.2162
2013-03-25 00:00:00,0.66021,9733.0,2.0142,0.77869,94.41,30.934,54.364,6.2141
2013-04-01 00:00:00,0.65948,9747.0,2.0179,0.77773,94.6,31.485,54.589,6.198
2013-04-08 00:00:00,0.65205,9715.0,1.9809,0.76546,99.05,31.027,54.53,6.1976
2013-04-15 00:00:00,0.65348,9715.0,1.9944,0.76336,98.23,31.452,54.176,6.1802
2013-04-22 00:00:00,0.65217,9720.0,2.0134,0.76793,99.19,31.468,54.236,6.1742
2013-04-29 00:00:00,0.64358,9729.0,2.0025,0.76208,97.79,31.113,53.908,6.1608
2013-05-06 00:00:00,0.64491,9732.0,2.0112,0.76359,99.54,31.149,54.31,6.147
2013-05-13 00:00:00,0.65488,9750.0,2.0201,0.77429,102.2,31.381,54.78,6.1449
2013-05-20 00:00:00,0.66116,9774.0,2.0429,0.77555,102.33,31.308,55.505,6.1344
2013-05-27 00:00:00,0.66027,9802.0,2.0764,0.77184,101.21,31.582,56.132,6.1284
2013-06-03 00:00:00,0.64979,9802.0,2.1245,0.76283,98.95,32.084,56.789,6.1315
2013-06-10 00:00:00,0.64084,9881.0,2.1391,0.7533,96.29,32.191,58.005,6.1333
2013-06-17 00:00:00,0.64176,9911.0,2.2005,0.75194,96.14,32.251,58.885,6.1285
2013-06-24 00:00:00,0.65156,9935.0,2.2142,0.76505,98.08,32.83,59.947,6.1449
2013-07-01 00:00:00,0.66025,9948.0,2.2504,0.77065,99.81,33.15,60.005,6.1309
2013-07-08 00:00:00,0.66755,9967.0,2.2598,0.77399,100.3,32.902,59.999,6.1334
2013-07-15 00:00:00,0.65944,10078.0,2.2405,0.76359,100.04,32.478,59.533,6.1377
2013-07-22 00:00:00,0.65187,10223.0,2.2387,0.75694,99.71,32.459,59.334,6.1359
2013-07-29 00:00:00,0.65562,10274.0,2.28,0.75449,98.44,32.968,60.367,6.1303
2013-08-05 00:00:00,0.64783,10284.0,2.2943,0.75103,97.3,32.934,60.916,6.1216
2013-08-12 00:00:00,0.64396,10366.0,2.3102,0.75245,97.76,33.011,61.407,6.1181
2013-08-19 00:00:00,0.63996,10857.0,2.4098,0.7485,98.11,33.031,64.057,6.1226
2013-08-26 00:00:00,0.64489,11218.0,2.3731,0.75137,98.02,33.175,66.819,6.1212
2013-09-02 00:00:00,0.64126,11492.0,2.3595,0.75907,99.51,33.401,66.578,6.1196
2013-09-09 00:00:00,0.63474,11300.0,2.2818,0.75432,99.82,32.896,63.906,6.1196
2013-09-16 00:00:00,0.62564,11065.0,2.2358,0.74488,99.12,32.075,62.764,6.1204
2013-09-23 00:00:00,0.62336,11291.0,2.2229,0.74052,98.69,32.082,62.544,6.1207
2013-09-30 00:00:00,0.6185,11329.0,2.2187,0.7379,97.55,32.251,62.264,6.1207
2013-10-07 00:00:00,0.62424,11112.0,2.1993,0.7379,97.51,32.276,61.548,6.1198
2013-10-14 00:00:00,0.62286,11007.0,2.1702,0.73567,98.12,32.13,61.473,6.1005
2013-10-21 00:00:00,0.61905,10906.0,2.1854,0.72807,97.72,31.821,61.551,6.0886
2013-10-28 00:00:00,0.62268,11172.0,2.2007,0.73041,98.1,32.051,61.486,6.0925
2013-11-04 00:00:00,0.62297,11359.0,2.2721,0.74278,98.46,32.421,62.364,6.0949
2013-11-11 00:00:00,0.62524,11502.0,2.3229,0.74477,99.69,32.763,63.372,6.0922
2013-11-18 00:00:00,0.61958,11584.0,2.2846,0.74036,100.38,32.756,62.56,6.0932
2013-11-25 00:00:00,0.6148,11768.0,2.3071,0.73681,101.92,33.055,62.393,6.0931
2013-12-02 00:00:00,0.61069,11859.0,2.3592,0.73573,102.44,33.111,61.985,6.0903
2013-12-09 00:00:00,0.61067,11944.0,2.3232,0.72738,102.9,32.765,61.529,6.0725
2013-12-16 00:00:00,0.61218,12064.0,2.3409,0.72892,103.55,32.942,62.031,6.072
2013-12-23 00:00:00,0.60933,12151.0,2.361,0.72817,104.38,32.657,61.866,6.0699
2013-12-30 00:00:00,0.60673,12164.0,2.3679,0.72908,104.99,32.96,62.066,6.056
2014-01-06 00:00:00,0.60894,12092.0,2.3817,0.73492,104.75,33.195,62.093,6.0523
2014-01-13 00:00:00,0.60956,11995.0,2.3597,0.73411,104.07,33.38,61.518,6.0479
2014-01-20 00:00:00,0.60601,12139.0,2.3694,0.73546,103.9,34.024,61.999,6.0513
2014-01-27 00:00:00,0.60512,12169.0,2.4209,0.73524,102.66,34.971,62.701,6.0556
2014-02-03 00:00:00,0.61323,12189.0,2.4048,0.73932,101.63,34.936,62.487,6.0611
2014-02-10 00:00:00,0.60434,12042.0,2.4063,0.73239,102.1,34.911,62.194,6.0628
2014-02-17 00:00:00,0.59937,11785.0,2.3917,0.72897,102.18,35.553,62.137,6.0767
2014-02-24 00:00:00,0.59952,11636.0,2.3391,0.72796,102.15,35.91,61.971,6.1238
2014-03-03 00:00:00,0.59811,11523.0,2.3311,0.72564,102.26,36.232,61.563,6.1324
2014-03-10 00:00:00,0.60125,11413.0,2.3494,0.71999,102.68,36.488,61.077,6.1425
2014-03-17 00:00:00,0.60378,11366.0,2.3442,0.72187,101.9,36.238,61.128,6.2037
2014-03-24 00:00:00,0.60385,11393.0,2.3015,0.72601,102.39,35.731,60.396,6.2058
2014-03-31 00:00:00,0.60161,11320.0,2.2697,0.72627,103.63,35.343,60.019,6.2105
2014-04-07 00:00:00,0.59849,11360.0,2.2123,0.72432,102.12,35.637,60.155,6.2068
2014-04-14 00:00:00,0.59662,11430.0,2.2257,0.72301,102.05,35.95,60.27,6.2204
2014-04-21 00:00:00,0.59494,11586.0,2.2327,0.72327,102.31,35.793,60.921,6.2445
2014-04-28 00:00:00,0.59375,11551.0,2.2357,0.72202,102.53,35.781,60.383,6.2581
2014-05-05 00:00:00,0.59087,11528.0,2.2245,0.71963,101.77,35.377,60.046,6.2323
2014-05-12 00:00:00,0.59481,11455.0,2.215,0.7295,101.89,34.87,59.469,6.2321
2014-05-19 00:00:00,0.59333,11506.0,2.2157,0.7311,101.44,34.382,58.576,6.2364
2014-05-26 00:00:00,0.59633,11627.0,2.2314,0.73421,101.82,34.516,58.906,6.2463
2014-06-02 00:00:00,0.59652,11825.0,2.2646,0.73432,102.41,34.925,59.267,6.2516
2014-06-09 00:00:00,0.59413,11795.0,2.2341,0.73784,102.18,34.367,59.308,6.2242
2014-06-16 00:00:00,0.58857,11921.0,2.2385,0.7367,102.01,34.534,60.174,6.2285
2014-06-23 00:00:00,0.58804,12037.0,2.2133,0.7347,101.76,33.843,60.135,6.2268
2014-06-30 00:00:00,0.58394,11892.0,2.2121,0.73276,101.68,34.217,59.837,6.2066
2014-07-07 00:00:00,0.58431,11627.0,2.2204,0.73546,101.61,34.221,59.954,6.2028
2014-07-14 00:00:00,0.58426,11685.0,2.2242,0.73725,101.54,34.611,60.152,6.2058
2014-07-21 00:00:00,0.58718,11555.0,2.2232,0.74212,101.57,34.996,60.163,6.2014
2014-07-28 00:00:00,0.59127,11628.0,2.2454,0.74588,102.39,35.602,60.424,6.179
2014-08-04 00:00:00,0.59407,11768.0,2.2755,0.74733,102.38,36.108,61.146,6.1664
2014-08-11 00:00:00,0.59779,11689.0,2.2744,0.74789,102.37,36.07,61.072,6.1541
2014-08-18 00:00:00,0.60113,11690.0,2.2613,0.75131,103.23,36.207,60.699,6.1471
2014-08-25 00:00:00,0.60294,11702.0,2.2637,0.75832,103.88,36.414,60.534,6.1486
2014-09-01 00:00:00,0.60738,11753.0,2.2427,0.76499,104.93,37.119,60.462,6.1427
2014-09-08 00:00:00,0.61832,11806.0,2.2827,0.77357,106.47,37.398,60.711,6.1345
2014-09-15 00:00:00,0.61397,11974.0,2.3506,0.77471,107.86,38.427,60.999,6.1422
2014-09-22 00:00:00,0.61183,11991.0,2.4043,0.78119,108.94,38.567,61.105,6.1362
2014-09-29 00:00:00,0.61865,12176.0,2.4699,0.79195,109.38,39.613,61.767,6.1422
2014-10-06 00:00:00,0.62203,12214.0,2.3982,0.79089,108.31,40.031,61.315,6.1362
2014-10-13 00:00:00,0.62467,12200.0,2.43,0.7866,106.69,40.795,61.432,6.1255
2014-10-20 00:00:00,0.62173,12027.0,2.4822,0.78672,107.25,41.339,61.219,6.1206
2014-10-27 00:00:00,0.6222,12122.0,2.4635,0.79008,108.94,42.556,61.326,6.1139
2014-11-03 00:00:00,0.62771,12158.0,2.5306,0.80135,114.37,44.695,61.487,6.1173
2014-11-10 00:00:00,0.63311,12200.0,2.5721,0.80295,115.45,46.469,61.562,6.1253
2014-11-17 00:00:00,0.63818,12140.0,2.58,0.79994,117.33,46.599,61.833,6.1239
2014-11-24 00:00:00,0.63638,12178.0,2.5255,0.80295,117.99,46.714,61.932,6.1398
2014-12-01 00:00:00,0.63764,12301.0,2.5682,0.80782,119.48,53.16,61.886,6.1514
2014-12-08 00:00:00,0.63811,12390.0,2.6139,0.80782,119.3,54.924,62.17,6.1831
2014-12-15 00:00:00,0.63808,12678.0,2.6892,0.80678,118.06,64.118,63.447,6.204
2014-12-22 00:00:00,0.64271,12449.0,2.6676,0.81766,120.18,54.777,63.324,6.2217
2014-12-29 00:00:00,0.64388,12438.0,2.6707,0.82406,120.07,57.684,63.422,6.211
2015-01-05 00:00:00,0.66006,12654.0,2.6897,0.84402,119.45,61.708,63.023,6.214
2015-01-12 00:00:00,0.65843,12589.0,2.6306,0.85244,117.49,64.92,62.011,6.1994
2015-01-19 00:00:00,0.66132,12522.0,2.6049,0.86813,117.81,64.855,61.609,6.2166
2015-01-26 00:00:00,0.66206,12558.0,2.6068,0.88472,117.9,68.232,61.626,6.248
2015-02-02 00:00:00,0.65865,12637.0,2.7169,0.87735,117.44,67.118,61.773,6.2523
2015-02-09 00:00:00,0.65391,12761.0,2.8342,0.88347,119.28,65.773,62.225,6.2428
2015-02-16 00:00:00,0.64968,12816.0,2.8448,0.87904,118.85,62.306,62.23,6.2535
2015-02-23 00:00:00,0.6475,12906.0,2.8743,0.88449,119.11,62.328,62.01,6.2599
2015-03-02 00:00:00,0.65347,12975.0,2.9455,0.90009,119.88,61.391,62.156,6.2694
2015-03-09 00:00:00,0.66704,13137.0,3.136,0.93703,121.19,61.173,62.746,6.2621
2015-03-16 00:00:00,0.67622,13138.0,3.2525,0.93923,121.09,61.097,62.657,6.2283
2015-03-23 00:00:00,0.67117,12987.0,3.1687,0.91449,119.41,57.684,62.445,6.2129
2015-03-30 00:00:00,0.67616,13043.0,3.2156,0.92618,119.9,57.716,62.46,6.2008
2015-04-06 00:00:00,0.67504,12939.0,3.0887,0.92911,120.08,53.183,62.28,6.2043
2015-04-13 00:00:00,0.67621,12911.0,3.0644,0.9395,119.6,51.132,62.367,6.2048
2015-04-20 00:00:00,0.66668,12932.0,3.0157,0.93006,119.53,52.486,63.145,6.199
2015-04-27 00:00:00,0.65366,12957.0,2.9455,0.90975,119.12,51.699,63.408,6.2067
2015-05-04 00:00:00,0.65703,13082.0,3.0576,0.89246,119.98,50.866,63.756,6.2043
2015-05-11 00:00:00,0.63844,13130.0,3.0198,0.88731,119.73,50.35,63.894,6.2064
2015-05-18 00:00:00,0.64093,13141.0,3.0193,0.8931,120.55,49.62,63.647,6.2016
2015-05-25 00:00:00,0.65123,13208.0,3.1408,0.91516,123.21,51.429,63.829,6.2009
2015-06-01 00:00:00,0.65387,13249.0,3.1529,0.89863,124.41,54.2,63.851,6.1999
2015-06-08 00:00:00,0.64957,13320.0,3.1156,0.89063,123.94,55.178,64.002,6.207
2015-06-15 00:00:00,0.63613,13330.0,3.0963,0.88629,123.34,54.223,63.981,6.2086
2015-06-22 00:00:00,0.63445,13302.0,3.0983,0.89015,123.65,54.488,63.582,6.2086
2015-06-29 00:00:00,0.63856,13342.0,3.1222,0.89952,122.99,55.593,63.603,6.2038
2015-07-06 00:00:00,0.64699,13332.0,3.1856,0.9058,122.11,56.867,63.466,6.2098
2015-07-13 00:00:00,0.64195,13339.0,3.1522,0.91166,123.66,56.792,63.458,6.2092
2015-07-20 00:00:00,0.64247,13420.0,3.2361,0.91642,124.06,57.407,63.758,6.2091
2015-07-27 00:00:00,0.6415,13491.0,3.364,0.90851,123.88,59.986,64.034,6.2095
2015-08-03 00:00:00,0.64214,13511.0,3.4797,0.91516,124.42,63.351,63.824,6.2096
2015-08-10 00:00:00,0.64128,13704.0,3.4881,0.90171,124.45,64.429,64.61,6.3425
2015-08-17 00:00:00,0.63832,13875.0,3.4882,0.89823,123.93,66.522,65.473,6.3923
2015-08-24 00:00:00,0.64154,14042.0,3.5662,0.87789,120.08,68.83,66.258,6.4047
2015-08-31 00:00:00,0.65328,14139.0,3.7176,0.89166,120.19,66.767,66.326,6.3627
2015-09-07 00:00:00,0.65063,14286.0,3.8326,0.89445,120.38,68.143,66.534,6.3727
2015-09-14 00:00:00,0.6456,14407.0,3.8591,0.88363,120.17,66.355,66.219,6.368
2015-09-21 00:00:00,0.65238,14614.0,4.0186,0.89373,120.24,66.081,66.0,6.377
2015-09-28 00:00:00,0.65938,14657.0,4.0102,0.89461,120.06,65.706,65.743,6.3601
2015-10-05 00:00:00,0.65552,13957.0,3.8637,0.88747,120.16,63.098,65.097,6.3542
2015-10-12 00:00:00,0.65055,13533.0,3.8189,0.87789,119.35,62.19,64.924,6.3421
2015-10-19 00:00:00,0.64702,13652.0,3.9079,0.88566,119.93,62.296,64.992,6.3536
2015-10-26 00:00:00,0.65321,13631.0,3.8956,0.90736,120.66,63.939,65.118,6.3489
2015-11-02 00:00:00,0.65204,13570.0,3.8058,0.91424,121.27,63.417,65.718,6.3421
2015-11-09 00:00:00,0.65964,13641.0,3.7839,0.93119,123.08,65.229,66.275,6.3667
2015-11-16 00:00:00,0.65672,13739.0,3.7841,0.93572,123.15,65.269,66.128,6.3799
2015-11-23 00:00:00,0.66267,13737.0,3.739,0.94233,122.73,65.919,66.472,6.3897
2015-11-30 00:00:00,0.66459,13822.0,3.8322,0.93694,123.14,67.017,66.634,6.3989
2015-12-07 00:00:00,0.66321,14000.0,3.7846,0.91709,122.35,69.371,66.831,6.4292
2015-12-14 00:00:00,0.66552,14023.0,3.8991,0.916,121.48,70.695,66.683,6.472
2015-12-21 00:00:00,0.67147,13693.0,3.9669,0.91567,120.89,70.825,66.246,6.4779
2015-12-28 00:00:00,0.67402,13749.0,3.9089,0.91475,120.44,72.889,66.242,6.4877
2016-01-04 00:00:00,0.6829,13918.0,4.0297,0.92396,118.47,74.046,66.731,6.5586
2016-01-11 00:00:00,0.69309,13877.0,4.022,0.92005,117.75,76.346,67.156,6.5811
2016-01-18 00:00:00,0.70328,13887.0,4.0836,0.91962,117.42,80.43,67.783,6.5788
2016-01-25 00:00:00,0.70006,13826.0,4.0789,0.91971,119.02,78.056,67.959,6.5779
2016-02-01 00:00:00,0.69065,13650.0,3.9404,0.9067,119.07,77.505,67.854,6.5769
2016-02-08 00:00:00,0.69197,13541.0,3.9254,0.88944,114.2,78.849,68.124,6.5753
2016-02-15 00:00:00,0.69615,13458.0,4.0181,0.89831,113.78,76.653,68.397,6.5155
2016-02-22 00:00:00,0.71372,13414.0,3.9608,0.90843,112.51,75.945,68.648,6.5315
2016-02-29 00:00:00,0.71343,13277.0,3.895,0.91768,113.64,74.002,67.613,6.5428
2016-03-07 00:00:00,0.70402,13103.0,3.7118,0.91075,113.42,71.126,67.099,6.5117
2016-03-14 00:00:00,0.69898,13122.0,3.6849,0.89477,112.64,69.673,66.916,6.4979
2016-03-21 00:00:00,0.70304,13210.0,3.6453,0.8927,112.14,68.413,66.718,6.4972
2016-03-28 00:00:00,0.69719,13233.0,3.6293,0.8823,112.6,67.798,66.378,6.4773
2016-04-04 00:00:00,0.70791,13187.0,3.6435,0.88013,109.91,68.179,66.492,6.4768
2016-04-11 00:00:00,0.70368,13149.0,3.5208,0.88308,108.83,66.266,66.519,6.4739
2016-04-18 00:00:00,0.69712,13151.0,3.542,0.88269,109.45,66.014,66.43,6.4767
2016-04-25 00:00:00,0.68614,13196.0,3.5252,0.88316,109.75,65.371,66.504,6.4895
2016-05-02 00:00:00,0.68659,13278.0,3.5305,0.87055,106.62,65.863,66.503,6.4931
2016-05-09 00:00:00,0.69289,13296.0,3.4809,0.8785,108.87,65.654,66.669,6.5148
2016-05-16 00:00:00,0.68879,13451.0,3.5375,0.88755,109.62,65.71,67.118,6.5363
2016-05-23 00:00:00,0.68396,13616.0,3.5705,0.89501,109.81,66.121,67.338,6.5584
2016-05-30 00:00:00,0.68857,13630.0,3.591,0.8959,109.87,66.593,67.268,6.5809
2016-06-06 00:00:00,0.69035,13280.0,3.4476,0.88152,107.02,64.602,66.762,6.5651
2016-06-13 00:00:00,0.70517,13354.0,3.4704,0.89047,105.39,65.715,67.183,6.5876
2016-06-20 00:00:00,0.68861,13269.0,3.3871,0.88676,104.39,64.385,67.543,6.5885
2016-06-27 00:00:00,0.74937,13196.0,3.2954,0.90253,102.42,64.505,67.662,6.6473
2016-07-04 00:00:00,0.76485,13160.0,3.3044,0.90082,101.32,64.16,67.373,6.6783
2016-07-11 00:00:00,0.75559,13081.0,3.2767,0.9009,104.48,63.654,67.028,6.6862
2016-07-18 00:00:00,0.75935,13104.0,3.2604,0.90695,106.16,63.577,67.166,6.6837
2016-07-25 00:00:00,0.76099,13132.0,3.2747,0.90621,104.85,66.129,67.174,6.6655
2016-08-01 00:00:00,0.75591,13104.0,3.2392,0.89526,101.45,66.159,66.791,6.637
2016-08-08 00:00:00,0.76893,13108.0,3.1556,0.89831,101.82,64.725,66.815,6.6479
2016-08-15 00:00:00,0.7677,13130.0,3.2019,0.88652,100.42,64.051,66.898,6.6348
2016-08-22 00:00:00,0.75827,13239.0,3.2172,0.88503,100.35,64.696,67.088,6.655
2016-08-29 00:00:00,0.75929,13268.0,3.2483,0.8959,103.02,65.26,66.987,6.6778
2016-09-05 00:00:00,0.74894,13096.0,3.2287,0.89103,102.56,64.496,66.487,6.6725
2016-09-12 00:00:00,0.75612,13171.0,3.2984,0.89015,102.2,64.996,66.933,6.677
2016-09-19 00:00:00,0.76812,13119.0,3.2336,0.89366,101.22,64.177,66.847,6.6703
2016-09-26 00:00:00,0.7701,12987.0,3.2383,0.89142,100.83,63.604,66.612,6.6701
2016-10-03 00:00:00,0.78965,13003.0,3.2339,0.89389,102.89,62.393,66.606,6.6717
2016-10-10 00:00:00,0.81489,13036.0,3.2026,0.90416,103.81,62.727,66.708,6.7193
2016-10-17 00:00:00,0.81757,13033.0,3.178,0.91191,103.78,62.612,66.779,6.7428
2016-10-24 00:00:00,0.81881,13024.0,3.14,0.91684,104.59,62.486,66.825,6.7764
2016-10-31 00:00:00,0.81077,13059.0,3.2188,0.90539,103.88,63.492,66.726,6.7642
2016-11-07 00:00:00,0.80312,13213.0,3.2665,0.91042,105.23,64.051,66.782,6.7898
2016-11-14 00:00:00,0.80426,13399.0,3.4251,0.93301,109.0,65.219,67.89,6.8664
2016-11-21 00:00:00,0.80492,13484.0,3.3841,0.94357,111.82,64.307,68.494,6.9038
2016-11-28 00:00:00,0.79851,13543.0,3.4208,0.94215,113.4,64.5,68.504,6.8931
2016-12-05 00:00:00,0.78976,13351.0,3.4168,0.93484,114.26,63.537,67.712,6.8866
2016-12-12 00:00:00,0.79461,13348.0,3.3561,0.94859,116.44,61.333,67.606,6.9219
2016-12-19 00:00:00,0.8106,13443.0,3.3329,0.95979,117.55,61.389,67.921,6.9499
2016-12-26 00:00:00,0.81583,13449.0,3.2675,0.95602,117.22,60.707,68.045,6.953
2017-01-02 00:00:00,0.81287,13423.0,3.2384,0.95465,117.14,60.263,68.101,6.9293
2017-01-09 00:00:00,0.82138,13309.0,3.1956,0.94473,115.49,59.765,68.185,6.9182
2017-01-16 00:00:00,0.81627,13365.0,3.2119,0.93914,114.15,59.514,68.108,6.8678
2017-01-23 00:00:00,0.79898,13353.0,3.1698,0.9331,113.98,59.711,68.12,6.8747
2017-01-30 00:00:00,0.79765,13350.0,3.1283,0.93067,113.33,59.756,67.522,6.8775
2017-02-06 00:00:00,0.80183,13300.0,3.1197,0.93677,112.47,58.982,67.078,6.8724
2017-02-13 00:00:00,0.80176,13320.0,3.0856,0.94144,113.58,57.703,66.953,6.8658
2017-02-20 00:00:00,0.80149,13346.0,3.0863,0.94607,112.96,57.914,66.835,6.8767
2017-02-27 00:00:00,0.81078,13360.0,3.1113,0.94706,113.38,58.343,66.754,6.881
2017-03-06 00:00:00,0.82009,13374.0,3.142,0.94554,114.45,58.62,66.686,6.9067
2017-03-13 00:00:00,0.81598,13350.0,3.1349,0.93668,114.14,58.628,65.677,6.9091
2017-03-20 00:00:00,0.80298,13322.0,3.1053,0.92678,111.64,57.499,65.382,6.8915
2017-03-27 00:00:00,0.79921,13309.0,3.1331,0.92721,110.88,56.676,64.962,6.8862
2017-04-03 00:00:00,0.80239,13324.0,3.1203,0.93835,110.83,56.377,64.782,6.8936
2017-04-10 00:00:00,0.80199,13276.0,3.1353,0.94277,110.14,56.895,64.539,6.8963
2017-04-17 00:00:00,0.78287,13318.0,3.1277,0.93353,109.0,56.212,64.602,6.885
2017-04-24 00:00:00,0.77795,13299.0,3.1566,0.91836,111.01,56.505,64.248,6.8899
2017-05-01 00:00:00,0.7741,13319.0,3.1736,0.91491,112.44,57.704,64.24,6.897
2017-05-08 00:00:00,0.77477,13337.0,3.1712,0.91836,113.6,57.763,64.438,6.903
2017-05-15 00:00:00,0.77145,13338.0,3.1546,0.90163,112.23,56.866,64.372,6.8899
2017-05-22 00:00:00,0.77216,13296.0,3.2726,0.8919,111.43,56.579,64.655,6.8793
2017-05-29 00:00:00,0.77785,13313.0,3.2484,0.89254,111.12,56.641,64.511,6.8307
2017-06-05 00:00:00,0.77616,13296.0,3.2745,0.89079,109.99,56.788,64.333,6.7983
2017-06-12 00:00:00,0.78548,13296.0,3.2899,0.89326,110.33,57.217,64.427,6.8021
2017-06-19 00:00:00,0.7869,13303.0,3.3178,0.89534,111.26,59.297,64.512,6.8284
2017-06-26 00:00:00,0.77764,13320.0,3.3034,0.88238,112.05,59.179,64.545,6.8038
2017-07-03 00:00:00,0.77352,13386.0,3.3071,0.87951,113.37,59.813,64.744,6.7997
2017-07-10 00:00:00,0.77422,13368.0,3.2392,0.87604,113.65,60.267,64.489,6.7918
2017-07-17 00:00:00,0.7687,13316.0,3.1536,0.86693,112.01,59.065,64.353,6.7627
2017-07-24 00:00:00,0.76454,13322.0,3.1494,0.85602,111.33,59.759,64.29,6.7474
2017-07-31 00:00:00,0.7596,13319.0,3.1232,0.8461,110.47,60.343,63.852,6.7232
2017-08-07 00:00:00,0.76886,13337.0,3.1439,0.84976,109.96,60.002,63.92,6.6832
2017-08-14 00:00:00,0.77552,13361.0,3.1752,0.85193,109.99,59.582,64.146,6.6798
2017-08-21 00:00:00,0.77911,13346.0,3.149,0.84825,109.3,59.108,64.075,6.6625
2017-08-28 00:00:00,0.77402,13339.0,3.1571,0.83843,109.76,58.393,63.983,6.5943
2017-09-04 00:00:00,0.76595,13292.0,3.1119,0.83675,108.84,57.489,64.017,6.511
2017-09-11 00:00:00,0.74983,13218.0,3.1185,0.83675,110.04,57.493,64.036,6.5404
2017-09-18 00:00:00,0.73911,13290.0,3.1278,0.83619,111.72,57.833,64.469,6.5822
2017-09-25 00:00:00,0.74447,13420.0,3.169,0.84774,112.44,57.81,65.411,6.6419
2017-10-02 00:00:00,0.75707,13506.0,3.1509,0.85128,112.71,57.764,65.27,6.6464
2017-10-09 00:00:00,0.75801,13510.0,3.1712,0.84688,112.34,57.892,65.145,6.5943
2017-10-16 00:00:00,0.75743,13505.0,3.1704,0.84796,112.52,57.398,64.971,6.6144
2017-10-23 00:00:00,0.75867,13577.0,3.2393,0.85259,113.94,57.721,64.994,6.6421
2017-10-30 00:00:00,0.7579,13549.0,3.2676,0.85962,113.84,58.253,64.673,6.6246
2017-11-06 00:00:00,0.76146,13527.0,3.2659,0.8617,113.69,59.148,64.959,6.6364
2017-11-13 00:00:00,0.76028,13541.0,3.2748,0.85027,113.04,59.73,65.283,6.6333
2017-11-20 00:00:00,0.7535,13513.0,3.2499,0.84782,111.84,58.897,64.833,6.6124
2017-11-27 00:00:00,0.7463,13515.0,3.237,0.84175,111.78,58.363,64.44,6.6056
2017-12-04 00:00:00,0.74479,13535.0,3.2546,0.84667,112.77,59.02,64.472,6.6176
2017-12-11 00:00:00,0.74748,13581.0,3.3131,0.84818,112.99,58.921,64.329,6.6147
2017-12-18 00:00:00,0.74755,13571.0,3.2972,0.84495,113.05,58.54,64.09,6.5921
2017-12-25 00:00:00,0.74278,13552.0,3.3058,0.83745,112.91,57.725,64.035,6.5327
2018-01-01 00:00:00,0.73772,13444.0,3.2543,0.82988,112.59,57.244,63.438,6.4945
2018-01-08 00:00:00,0.7384,13407.0,3.2334,0.83264,111.97,56.953,63.621,6.4983
2018-01-15 00:00:00,0.72393,13332.0,3.2136,0.81699,110.79,56.575,63.837,6.4283
2018-01-22 00:00:00,0.7092,13324.0,3.1804,0.81057,109.78,56.231,63.708,6.3678
2018-01-29 00:00:00,0.70592,13409.0,3.1722,0.80373,109.17,56.251,63.773,6.3059
2018-02-05 00:00:00,0.7178,13588.0,3.2599,0.81129,109.43,57.459,64.258,6.296
2018-02-12 00:00:00,0.71735,13587.0,3.2658,0.80775,107.25,57.236,64.164,6.3413
2018-02-19 00:00:00,0.71632,13637.0,3.2505,0.81123,107.03,56.586,64.738,6.346
2018-02-26 00:00:00,0.72158,13733.0,3.2476,0.81539,106.63,56.434,65.048,6.3288
2018-03-05 00:00:00,0.72133,13767.0,3.2417,0.80847,106.14,56.844,65.05,6.3327
2018-03-12 00:00:00,0.71747,13745.0,3.2666,0.8105,106.38,57.12,64.921,6.3222
2018-03-19 00:00:00,0.71048,13763.0,3.2976,0.81255,105.85,57.479,65.142,6.3289
2018-03-26 00:00:00,0.70759,13744.0,3.3166,0.80802,105.9,57.313,65.045,6.2842
2018-04-02 00:00:00,0.71268,13768.0,3.3337,0.815,106.72,57.723,65.006,6.2999
2018-04-09 00:00:00,0.70477,13764.0,3.3935,0.8105,107.13,62.197,65.148,6.2904
2018-04-16 00:00:00,0.70291,13806.0,3.403,0.809,107.31,61.561,65.739,6.2836
2018-04-23 00:00:00,0.71834,13892.0,3.4675,0.82136,108.94,62.182,66.637,6.3202
2018-04-30 00:00:00,0.73347,13944.0,3.5181,0.8325,109.34,63.255,66.625,6.3515
2018-05-07 00:00:00,0.73858,14043.0,3.5617,0.84083,109.39,62.582,67.213,6.3564
2018-05-14 00:00:00,0.73976,14061.0,3.6593,0.84402,110.26,62.052,67.826,6.3645
2018-05-21 00:00:00,0.74711,14156.0,3.6695,0.8523,110.18,61.819,68.148,6.3834
2018-05-28 00:00:00,0.75167,13955.0,3.7248,0.85911,109.12,62.291,67.43,6.4122
2018-06-04 00:00:00,0.74636,13884.0,3.8078,0.85085,109.76,62.146,67.152,6.4011
2018-06-11 00:00:00,0.74922,13965.0,3.7186,0.85222,110.3,62.538,67.615,6.405
2018-06-18 00:00:00,0.7568,14107.0,3.7552,0.86341,110.23,63.543,68.069,6.4784
2018-06-25 00:00:00,0.7582,14227.0,3.8115,0.85866,110.06,62.936,68.443,6.5905
2018-07-02 00:00:00,0.75713,14376.0,3.902,0.85646,110.61,63.14,68.774,6.6441
2018-07-09 00:00:00,0.75489,14366.0,3.8678,0.85412,111.58,62.317,68.654,6.6601
2018-07-16 00:00:00,0.76311,14428.0,3.8496,0.85771,112.58,62.959,68.702,6.7313
2018-07-23 00:00:00,0.76107,14461.0,3.7472,0.85536,111.06,62.963,68.779,6.7921
2018-07-30 00:00:00,0.76393,14438.0,3.7462,0.85734,111.48,62.84,68.573,6.8265
2018-08-06 00:00:00,0.77609,14443.0,3.759,0.86528,111.14,64.971,68.727,6.8355
2018-08-13 00:00:00,0.78544,14604.0,3.9056,0.87889,110.73,67.217,70.04,6.893
2018-08-20 00:00:00,0.77849,14604.0,4.0153,0.86648,110.67,67.615,69.907,6.8545
2018-08-27 00:00:00,0.77307,14676.0,4.1268,0.85697,111.11,67.714,70.529,6.8252
2018-09-03 00:00:00,0.77525,14896.0,4.1319,0.86207,111.22,68.55,71.655,6.8337
2018-09-10 00:00:00,0.76786,14831.0,4.1375,0.86147,111.46,69.142,72.235,6.8601
2018-09-17 00:00:00,0.75922,14852.0,4.1375,0.85375,112.24,67.143,72.415,6.8556
2018-09-24 00:00:00,0.76091,14908.0,4.0663,0.85368,112.92,65.799,72.614,6.8736
2018-10-01 00:00:00,0.76901,15074.0,3.9328,0.86648,113.94,65.97,73.399,6.8688
2018-10-08 00:00:00,0.76141,15231.0,3.7552,0.86866,112.89,66.448,74.071,6.9203
2018-10-15 00:00:00,0.76193,15184.0,3.7177,0.86693,112.24,65.563,73.567,6.9257
2018-10-22 00:00:00,0.77377,15196.0,3.7059,0.87535,112.42,65.477,73.407,6.9429
2018-10-29 00:00:00,0.77857,15129.0,3.6874,0.87904,112.83,65.733,73.383,6.946
2018-11-05 00:00:00,0.76499,14717.0,3.7387,0.87635,113.45,66.389,72.693,6.9278
2018-11-12 00:00:00,0.77605,14737.0,3.7722,0.88535,113.63,67.086,72.342,6.9526
2018-11-19 00:00:00,0.77912,14573.0,3.7828,0.87704,112.81,65.751,71.163,6.9406
2018-11-26 00:00:00,0.78215,14429.0,3.863,0.88152,113.5,66.902,70.339,6.9464
2018-12-03 00:00:00,0.78344,14392.0,3.8622,0.88005,113.02,66.69,70.642,6.8712
2018-12-10 00:00:00,0.79269,14586.0,3.8911,0.8802,113.26,66.43,71.983,6.8963
2018-12-17 00:00:00,0.79045,14514.0,3.8851,0.87735,112.19,67.457,70.46,6.8968
2018-12-24 00:00:00,0.7897,14571.0,3.9063,0.87619,110.7,69.078,70.148,6.8815
2018-12-31 00:00:00,0.7893,14381.0,3.8174,0.87719,108.67,69.082,69.903,6.8688
2019-01-07 00:00:00,0.78351,14104.0,3.7004,0.87093,108.46,67.026,70.214,6.8139
2019-01-14 00:00:00,0.77657,14156.0,3.7309,0.87596,108.72,66.779,71.041,6.7677
2019-01-21 00:00:00,0.77009,14179.0,3.7753,0.88075,109.69,66.215,71.217,6.7892
2019-01-28 00:00:00,0.76259,14029.0,3.707,0.87367,109.16,65.815,71.178,6.7266
2019-02-04 00:00:00,0.77006,13974.0,3.6941,0.87789,109.81,65.769,71.556,6.7427
2019-02-11 00:00:00,0.77738,14089.0,3.7385,0.8859,110.58,66.102,71.031,6.7738
2019-02-18 00:00:00,0.76939,14075.0,3.7274,0.88269,110.72,65.808,71.251,6.7382
2019-02-25 00:00:00,0.75605,14049.0,3.7446,0.87873,110.96,65.695,71.028,6.6915
2019-03-04 00:00:00,0.76134,14183.0,3.8093,0.8855,111.72,65.946,70.371,6.7096
2019-03-11 00:00:00,0.76014,14273.0,3.8367,0.88613,111.35,65.611,69.521,6.7165
2019-03-18 00:00:00,0.75776,14179.0,3.8043,0.88106,111.07,64.197,68.775,6.7049
2019-03-25 00:00:00,0.75887,14220.0,3.91,0.88763,110.49,64.675,69.085,6.7203
2019-04-01 00:00:00,0.76324,14189.0,3.8577,0.89079,111.38,65.381,68.983,6.7149
2019-04-08 00:00:00,0.76449,14143.0,3.8563,0.88676,111.43,64.628,69.252,6.7149
2019-04-15 00:00:00,0.7655,14068.0,3.9001,0.88558,111.94,64.112,69.454,6.7028
2019-04-22 00:00:00,0.77332,14149.0,3.9533,0.89461,111.84,64.409,69.945,6.7297
2019-04-29 00:00:00,0.76964,14231.0,3.9384,0.89413,111.53,64.894,69.512,6.7337
2019-05-06 00:00:00,0.76697,14324.0,3.9621,0.8927,110.22,65.203,69.703,6.7923
2019-05-13 00:00:00,0.77628,14441.0,4.0058,0.89238,109.49,64.921,70.312,6.886
2019-05-20 00:00:00,0.78805,14472.0,4.0654,0.89566,110.06,64.481,69.708,6.9087
2019-05-27 00:00:00,0.79114,14381.0,4.0111,0.89558,109.31,64.932,69.713,6.9072
2019-06-03 00:00:00,0.7883,14221.0,3.8824,0.88928,108.29,65.195,69.319,6.9091
2019-06-10 00:00:00,0.78793,14266.0,3.8635,0.88496,108.49,64.563,69.528,6.922
2019-06-17 00:00:00,0.79326,14247.0,3.8612,0.88889,108.09,63.772,69.664,6.8969
2019-06-24 00:00:00,0.7866,14149.0,3.8358,0.87881,107.54,62.923,69.201,6.8763
2019-07-01 00:00:00,0.79367,14131.0,3.8317,0.88511,108.04,63.353,68.748,6.8694
2019-07-08 00:00:00,0.7994,14094.0,3.7811,0.89,108.53,63.396,68.533,6.879
2019-07-15 00:00:00,0.80135,13957.0,3.7497,0.89047,107.93,62.84,68.758,6.8777
2019-07-22 00:00:00,0.80232,13967.0,3.7582,0.89638,108.18,63.101,68.943,6.8773
2019-07-29 00:00:00,0.82134,14084.0,3.81,0.89985,108.27,63.904,69.025,6.8998
2019-08-05 00:00:00,0.8238,14242.0,3.9425,0.8935,106.03,65.199,70.808,7.0424
2019-08-12 00:00:00,0.82575,14261.0,3.9957,0.89558,105.73,65.831,71.288,7.0443
2019-08-19 00:00:00,0.8233,14236.0,4.0389,0.90204,106.49,66.214,71.636,7.0695
2019-08-26 00:00:00,0.81783,14226.0,4.1425,0.90236,105.98,66.46,71.694,7.152
2019-09-02 00:00:00,0.82017,14153.0,4.1259,0.90893,106.47,66.382,71.981,7.1517
2019-09-09 00:00:00,0.80842,14017.0,4.0643,0.90686,107.55,65.066,71.475,7.1036
2019-09-16 00:00:00,0.80248,14062.0,4.1135,0.90572,108.02,64.014,71.381,7.0878
2019-09-23 00:00:00,0.80672,14135.0,4.1574,0.91166,107.66,64.102,70.864,7.1226
2019-09-30 00:00:00,0.8132,14189.0,4.1363,0.91508,107.51,65.057,71.018,7.1479
2019-10-07 00:00:00,0.81126,14155.0,4.089,0.90851,107.4,64.727,71.058,7.1283
2019-10-14 00:00:00,0.78611,14162.0,4.1482,0.90383,108.51,64.184,71.283,7.0824
2019-10-21 00:00:00,0.77487,14041.0,4.0794,0.89831,108.56,63.817,70.911,7.0738
2019-10-28 00:00:00,0.77545,14046.0,3.9946,0.8996,108.62,63.844,70.844,7.0549
2019-11-04 00:00:00,0.7772,14001.0,4.0447,0.90139,108.95,63.585,70.91,6.9975
2019-11-11 00:00:00,0.77797,14085.0,4.1757,0.90752,108.86,64.019,71.792,7.0138
2019-11-18 00:00:00,0.77359,14093.0,4.189,0.90342,108.67,63.801,71.747,7.0288
2019-11-25 00:00:00,0.77617,14098.0,4.2382,0.90868,109.24,64.065,71.567,7.0326
2019-12-02 00:00:00,0.76574,14084.0,4.2069,0.9031,108.86,63.994,71.477,7.0447
2019-12-09 00:00:00,0.75726,14014.0,4.1202,0.90025,108.8,63.29,70.881,7.0248
2019-12-16 00:00:00,0.76108,13992.0,4.0682,0.89871,109.49,62.489,71.042,7.0027
2019-12-23 00:00:00,0.76967,13978.0,4.0717,0.90066,109.46,62.153,71.312,7.0047
2019-12-30 00:00:00,0.76006,13904.0,4.0306,0.89358,108.66,62.002,71.466,6.9708
2020-01-06 00:00:00,0.76394,13865.0,4.069,0.89799,108.86,61.677,71.542,6.9429
2020-01-13 00:00:00,0.7683,13679.0,4.1528,0.89831,109.97,61.414,70.897,6.8811
2020-01-20 00:00:00,0.76434,13643.0,4.1838,0.90228,109.87,61.794,71.199,6.9075
2020-01-27 00:00:00,0.76556,13643.0,4.2233,0.90728,108.97,62.952,71.408,6.9369
2020-02-03 00:00:00,0.76874,13692.0,4.2482,0.90728,109.41,63.324,71.275,6.9901
2020-02-10 00:00:00,0.77025,13700.0,4.3249,0.91785,109.82,63.536,71.326,6.9796
2020-02-17 00:00:00,0.77113,13696.0,4.3639,0.92524,110.83,63.786,71.613,7.0068
2020-02-24 00:00:00,0.77453,14053.0,4.4239,0.91785,110.22,65.794,71.83,7.0115
2020-03-02 00:00:00,0.77804,14297.0,4.5512,0.89469,106.99,66.851,73.293,6.9454
2020-03-09 00:00:00,0.77868,14485.0,4.7352,0.88456,104.42,73.047,73.941,6.9722
2020-03-16 00:00:00,0.83903,15495.0,5.0709,0.91609,108.11,77.877,74.588,7.0564
2020-03-23 00:00:00,0.84114,16252.0,5.0618,0.91895,110.15,78.616,75.832,7.0822
2020-03-30 00:00:00,0.80855,16530.0,5.2142,0.9155,108.02,78.586,76.087,7.0976
2020-04-06 00:00:00,0.8094,16158.0,5.2154,0.92132,108.9,75.511,76.046,7.0676
2020-04-13 00:00:00,0.79966,15693.0,5.2157,0.91709,107.47,73.964,76.504,7.0657
2020-04-20 00:00:00,0.80924,15601.0,5.3891,0.92362,107.6,75.45,76.475,7.082
2020-04-27 00:00:00,0.80239,15237.0,5.5058,0.92064,106.72,73.854,75.667,7.0711
2020-05-04 00:00:00,0.80639,15051.0,5.6547,0.92217,106.5,74.327,75.738,7.0768
2020-05-11 00:00:00,0.81471,14891.0,5.838,0.92345,107.12,73.569,75.566,7.0963
2020-05-18 00:00:00,0.81901,14793.0,5.6932,0.915,107.59,71.881,75.698,7.1121
2020-05-25 00:00:00,0.81375,14699.0,5.3822,0.9086,107.57,70.965,75.695,7.1427
2020-06-01 00:00:00,0.79721,14264.0,5.1919,0.89182,108.51,69.004,75.457,7.1124
2020-06-08 00:00:00,0.78893,14083.0,4.9416,0.88331,107.85,68.935,75.665,7.0737
2020-06-15 00:00:00,0.79858,14175.0,5.2287,0.88928,107.19,69.602,76.149,7.0851
2020-06-22 00:00:00,0.80393,14216.0,5.2874,0.88928,106.96,69.233,75.687,7.0711
2020-06-29 00:00:00,0.80719,14396.0,5.3946,0.88984,107.48,70.811,75.209,7.0703
2020-07-06 00:00:00,0.79583,14420.0,5.3449,0.88464,107.39,71.302,74.92,7.0087
2020-07-13 00:00:00,0.79524,14557.0,5.34,0.87735,107.14,71.074,75.189,6.9999
2020-07-20 00:00:00,0.78747,14668.0,5.241,0.86738,106.97,71.281,74.725,6.9995
2020-07-27 00:00:00,0.7705,14568.0,5.1726,0.85041,105.18,72.821,74.811,6.996
2020-08-03 00:00:00,0.76438,14646.0,5.3054,0.84739,105.85,73.485,75.019,6.9637
2020-08-10 00:00:00,0.76489,14774.0,5.4111,0.84796,106.54,73.323,74.799,6.9517
2020-08-17 00:00:00,0.76088,14808.0,5.5036,0.84303,105.76,73.706,74.869,6.9231
2020-08-24 00:00:00,0.75847,14651.0,5.5558,0.84502,105.97,74.869,73.956,6.8937
2020-08-31 00:00:00,0.75007,14694.0,5.3877,0.84111,106.16,74.43,73.219,6.8338
2020-09-07 00:00:00,0.77092,14876.0,5.3204,0.84624,106.19,75.62,73.597,6.8392
2020-09-14 00:00:00,0.77374,14827.0,5.2625,0.84367,105.09,75.129,73.568,6.7789
2020-09-21 00:00:00,0.78257,14839.0,5.5031,0.8547,104.93,76.786,73.632,6.8026
2020-09-28 00:00:00,0.77544,14886.0,5.6137,0.85383,105.49,78.287,73.506,6.8045
2020-10-05 00:00:00,0.77338,14732.0,5.5863,0.84897,105.82,77.816,73.232,6.7767
2020-10-12 00:00:00,0.7708,14749.0,5.582,0.8507,105.36,77.499,73.33,6.7283
2020-10-19 00:00:00,0.76722,14698.0,5.5963,0.84567,105.04,77.184,73.581,6.6757
2020-10-26 00:00:00,0.77029,14706.0,5.7146,0.85063,104.58,78.037,74.124,6.7067
2020-11-02 00:00:00,0.76689,14413.0,5.653,0.85034,104.13,78.784,74.277,6.6496
2020-11-09 00:00:00,0.75813,14131.0,5.3837,0.84653,105.18,76.754,74.342,6.6147
2020-11-16 00:00:00,0.75504,14149.0,5.3647,0.84353,104.17,76.229,74.281,6.5711
2020-11-23 00:00:00,0.74916,14167.0,5.3616,0.84062,104.24,75.925,73.983,6.5769
2020-11-30 00:00:00,0.74724,14172.0,5.2358,0.82884,104.23,75.284,73.809,6.5583
2020-12-07 00:00:00,0.75212,14125.0,5.1007,0.82515,104.19,73.488,73.727,6.539
2020-12-14 00:00:00,0.74158,14150.0,5.0845,0.81974,103.46,73.309,73.58,6.5388
2020-12-21 00:00:00,0.7448,14235.0,5.1763,0.82014,103.53,75.076,73.813,6.5409
2020-12-28 00:00:00,0.73723,14101.0,5.1898,0.81579,103.37,74.156,73.275,6.5332
2021-01-04 00:00:00,0.73489,13970.0,5.2872,0.81393,103.26,74.044,73.205,6.4631
2021-01-11 00:00:00,0.73533,14113.0,5.3612,0.82325,104.04,73.887,73.228,6.4708
2021-01-18 00:00:00,0.73316,14071.0,5.312,0.82488,103.74,74.049,73.092,6.4775
2021-01-25 00:00:00,0.7304,14088.0,5.4365,0.82461,104.08,75.691,72.961,6.4638
2021-02-01 00:00:00,0.73123,14037.0,5.3964,0.8316,105.19,75.518,72.956,6.4632
2021-02-08 00:00:00,0.7252,13991.0,5.3936,0.82631,104.92,73.988,72.814,6.4518
2021-02-15 00:00:00,0.71764,14018.0,5.3835,0.8257,105.57,73.644,72.653,6.4591
2021-02-22 00:00:00,0.71142,14169.0,5.4608,0.82277,105.85,74.28,72.783,6.4604
2021-03-01 00:00:00,0.71865,14311.0,5.6557,0.83195,107.25,73.952,73.12,6.4732
2021-03-08 00:00:00,0.71965,14394.0,5.7098,0.83956,108.72,73.957,72.924,6.5084
2021-03-15 00:00:00,0.7197,14421.0,5.589,0.83956,109.09,73.52,72.58,6.5046
2021-03-22 00:00:00,0.72653,14417.0,5.586,0.84431,108.99,75.802,72.526,6.5242
2021-03-29 00:00:00,0.72539,14508.0,5.7283,0.85114,110.35,75.862,73.155,6.5643
2021-04-05 00:00:00,0.72567,14550.0,5.6109,0.84289,109.78,77.149,74.275,6.5499
2021-04-12 00:00:00,0.72619,14607.0,5.6747,0.83724,109.05,76.608,75.0,6.5346
2021-04-19 00:00:00,0.71864,14530.0,5.5338,0.8305,108.1,76.032,75.093,6.4968
2021-04-26 00:00:00,0.71893,14466.0,5.406,0.82706,108.63,74.758,74.394,6.4778
2021-05-03 00:00:00,0.72005,14378.0,5.3992,0.8307,109.29,74.788,73.783,6.4728
2021-05-10 00:00:00,0.70912,14239.0,5.2569,0.82427,108.98,74.06,73.393,6.4336
2021-05-17 00:00:00,0.70644,14352.0,5.284,0.82008,109.0,73.692,73.077,6.4339
2021-05-24 00:00:00,0.70627,14323.0,5.3043,0.81907,109.21,73.569,72.717,6.3957
2021-05-31 00:00:00,0.70602,14282.0,5.1568,0.82082,109.78,73.356,72.905,6.3885
2021-06-07 00:00:00,0.70674,14242.0,5.0468,0.82183,109.44,72.263,72.962,6.3932
2021-06-14 00:00:00,0.71318,14330.0,5.0543,0.83084,110.11,72.183,73.596,6.4154
2021-06-21 00:00:00,0.71872,14446.0,4.9774,0.83864,110.58,72.685,74.203,6.4686
2021-06-28 00:00:00,0.72319,14539.0,4.9741,0.84189,111.0,72.916,74.423,6.4643
2021-07-05 00:00:00,0.72346,14510.0,5.1733,0.84417,110.38,74.101,74.565,6.4725
2021-07-12 00:00:00,0.7218,14492.0,5.1515,0.84574,110.17,74.213,74.552,6.4664
2021-07-19 00:00:00,0.73048,14531.0,5.2029,0.84955,110.02,74.199,74.624,6.4774
2021-07-26 00:00:00,0.72044,14479.0,5.1529,0.84502,109.99,73.458,74.37,6.4809
2021-08-02 00:00:00,0.71846,14333.0,5.1867,0.84331,109.39,72.972,74.195,6.4631
2021-08-09 00:00:00,0.72199,14378.0,5.2329,0.85172,110.37,73.597,74.295,6.4805
2021-08-16 00:00:00,0.7277,14418.0,5.3455,0.85281,109.53,73.819,74.305,6.4851
2021-08-23 00:00:00,0.72927,14420.0,5.2863,0.8515,110.01,73.97,74.089,6.4807
2021-08-30 00:00:00,0.72544,14278.0,5.1802,0.84502,109.99,73.078,73.086,6.4609
2021-09-06 00:00:00,0.72348,14238.0,5.2133,0.84417,109.96,73.02,73.426,6.4542
2021-09-13 00:00:00,0.723,14247.0,5.2405,0.84803,109.75,72.702,73.567,6.4483
2021-09-20 00:00:00,0.73155,14258.0,5.3017,0.8531,109.78,73.059,73.742,6.4659
2021-09-27 00:00:00,0.73788,14289.0,5.3938,0.85896,111.4,72.754,74.128,6.4596
2021-10-04 00:00:00,0.73491,14230.0,5.4617,0.86341,111.35,72.336,74.685,6.4471
2021-10-11 00:00:00,0.73152,14151.0,5.5044,0.86363,113.54,71.638,75.309,6.4426
2021-10-18 00:00:00,0.72549,14129.0,5.5973,0.85985,114.13,70.963,75.004,6.4004
2021-10-25 00:00:00,0.72656,14188.0,5.5967,0.86096,113.76,70.116,74.989,6.3915
2021-11-01 00:00:00,0.73515,14318.0,5.6361,0.86438,113.9,71.501,74.544,6.3987
2021-11-08 00:00:00,0.74184,14240.0,5.4801,0.86775,113.54,71.303,74.28,6.3908
2021-11-15 00:00:00,0.74348,14234.0,5.4956,0.88113,114.16,72.905,74.297,6.3843
2021-11-22 00:00:00,0.74831,14300.0,5.5991,0.88881,114.72,74.953,74.536,6.3878
2021-11-29 00:00:00,0.75098,14377.0,5.621,0.88363,113.21,74.013,75.046,6.3744
2021-12-06 00:00:00,0.75633,14383.0,5.6089,0.88613,113.53,73.824,75.507,6.3679
2021-12-13 00:00:00,0.75294,14339.0,5.6674,0.88472,113.7,73.626,76.051,6.3672
2021-12-20 00:00:00,0.75051,14263.0,5.6934,0.88503,114.05,73.821,75.449,6.3716
2021-12-27 00:00:00,0.74313,14236.0,5.6319,0.88331,114.96,74.278,74.605,6.3672
2022-01-03 00:00:00,0.73954,14345.0,5.6682,0.88394,115.74,75.488,74.428,6.372
2022-01-10 00:00:00,0.73288,14308.0,5.5887,0.87819,114.82,75.384,73.988,6.3652
2022-01-17 00:00:00,0.7347,14340.0,5.492,0.88028,114.36,76.47,74.428,6.3468
2022-01-24 00:00:00,0.74365,14368.0,5.4384,0.89055,114.6,78.44,74.886,6.342
2022-01-31 00:00:00,0.73968,14364.0,5.3098,0.88511,114.83,76.536,74.765,6.3609
2022-02-07 00:00:00,0.73761,14353.0,5.2477,0.87497,115.49,75.028,74.923,6.3608
2022-02-14 00:00:00,0.73711,14308.0,5.1737,0.88098,115.36,75.747,75.104,6.3414
2022-02-21 00:00:00,0.74045,14361.0,5.0844,0.88645,115.11,81.21,74.94,6.3239
2022-02-28 00:00:00,0.74872,14382.0,5.1216,0.90139,115.36,104.87,75.87,6.3159
2022-03-07 00:00:00,0.76114,14320.0,5.0432,0.91149,115.92,114.2525,76.666,6.3221
2022-03-14 00:00:00,0.76392,14307.0,5.0962,0.90901,118.48,104.82,76.229,6.3609
2022-03-21 00:00:00,0.75775,14354.0,4.8836,0.90868,120.85,96.0,76.284,6.3649
2022-03-28 00:00:00,0.76159,14355.0,4.7455,0.90367,122.65,83.95,75.899,6.358
2022-04-04 00:00:00,0.7639,14357.0,4.6746,0.91449,123.52,76.08,75.711,6.3625
2022-04-11 00:00:00,0.76692,14366.0,4.6974,0.9203,125.59,79.995,76.091,6.37
2022-04-18 00:00:00,0.76926,14368.0,4.6611,0.92302,128.15,75.45,76.352,6.4384
2022-04-25 00:00:00,0.79378,14461.0,4.9323,0.94286,128.91,70.96,76.579,6.5705
2022-05-02 00:00:00,0.8018,14473.0,4.9934,0.94787,129.97,69.4025,76.521,6.6227
2022-05-09 00:00:00,0.81325,14578.0,5.1425,0.95311,129.68,64.545,77.373,6.747
2022-05-16 00:00:00,0.8056,14659.0,4.9723,0.95075,128.71,60.2325,77.629,6.7375
2022-05-23 00:00:00,0.79651,14614.0,4.8237,0.93537,127.19,66.7,77.589,6.6877
2022-05-30 00:00:00,0.79474,14515.0,4.7607,0.93266,129.01,60.95,77.588,6.6693
2022-06-06 00:00:00,0.79898,14499.0,4.8441,0.93545,133.09,56.8,77.717,6.6744
2022-06-13 00:00:00,0.82299,14764.0,5.0868,0.9574,134.24,56.41,78.076,6.7212
2022-06-20 00:00:00,0.81596,14842.0,5.1754,0.95048,135.56,53.4,78.196,6.7004
2022-06-27 00:00:00,0.82249,14886.0,5.2471,0.95311,135.92,54.5,78.889,6.6982
2022-07-04 00:00:00,0.83326,15007.0,5.3692,0.97532,135.6,60.92,79.167,6.7028
2022-07-11 00:00:00,0.84201,15020.0,5.3956,0.99463,137.79,57.165,79.7,6.7355
2022-07-18 00:00:00,0.83562,14990.0,5.4348,0.98107,137.95,57.29,79.927,6.752
2022-07-25 00:00:00,0.82842,14945.0,5.3215,0.98367,135.89,61.62,79.707,6.7501
2022-08-01 00:00:00,0.82149,14889.0,5.217,0.97914,132.67,60.58,79.066,6.7539
2022-08-08 00:00:00,0.82359,14790.0,5.1222,0.97447,134.11,60.605,79.575,6.7488
2022-08-15 00:00:00,0.83228,14801.0,5.1577,0.9858,134.84,59.1,79.564,6.7887
2022-08-22 00:00:00,0.84706,14843.0,5.1223,1.0032,136.89,60.5,79.857,6.8544
2022-08-29 00:00:00,0.85984,14870.0,5.135,0.9997,139.08,60.58,79.698,6.9033
2022-09-05 00:00:00,0.86788,14891.0,5.196,1.0042,142.71,60.6,79.773,6.9477
2022-09-12 00:00:00,0.86423,14904.0,5.1654,0.99473,142.85,60.275,79.525,6.9632
2022-09-19 00:00:00,0.88443,15016.0,5.1914,1.0097,142.98,57.92,80.25,7.051
2022-09-26 00:00:00,0.92473,15203.0,5.3731,1.035,144.53,58.45,81.62,7.1626
2022-10-03 00:00:00,0.88701,15249.0,5.2046,1.0157,144.75,61.0025,81.89,7.116
2022-10-10 00:00:00,0.89871,15375.0,5.2397,1.0292,146.47,62.1075,82.29,7.1737
2022-10-17 00:00:00,0.89001,15526.0,5.2676,1.0226,149.83,61.29,82.66,7.2192
2022-10-24 00:00:00,0.87219,15580.0,5.3058,1.0056,147.84,61.52,82.48,7.2456
2022-10-31 00:00:00,0.87658,15672.0,5.1614,1.0123,147.64,62.1,82.62,7.2673
2022-11-07 00:00:00,0.86921,15632.0,5.2234,0.99423,144.88,60.5375,81.44,7.2171
2022-11-14 00:00:00,0.84328,15615.0,5.3557,0.96488,139.89,60.4025,81.36,7.0933
2022-11-21 00:00:00,0.83536,15685.0,5.3377,0.96834,140.37,60.5025,81.69,7.1581
2022-11-28 00:00:00,0.82552,15587.0,5.2823,0.95795,137.24,62.0,81.44,7.1078
2022-12-05 00:00:00,0.81744,15579.0,5.2355,0.94859,136.2,62.43,82.24,6.9691
2022-12-12 00:00:00,0.81386,15627.0,5.2961,0.94349,136.62,64.65,82.68,6.9697
2022-12-19 00:00:00,0.82609,15580.0,5.2306,0.9418,133.13,70.2,82.75,6.9777
2022-12-26 00:00:00,0.83051,15638.0,5.2579,0.93941,133.11,69.9,82.8,6.9505
2023-01-02 00:00:00,0.83418,15609.0,5.3761,0.94464,131.98,72.1225,82.75,6.8856
2023-01-09 00:00:00,0.82333,15407.0,5.2066,0.93023,131.26,68.7875,81.76,6.7631
2023-01-16 00:00:00,0.81302,15130.0,5.1481,0.92362,128.96,68.83,81.44,6.7665
2023-01-23 00:00:00,0.81011,14978.0,5.1301,0.91971,130.0,69.46,81.54,6.7826
2023-01-30 00:00:00,0.81203,14956.0,5.0678,0.91651,129.41,70.6,81.84,6.7422
2023-02-06 00:00:00,0.8278,15152.0,5.1965,0.93162,131.4,73.39,82.61,6.7891
2023-02-13 00:00:00,0.8285,15196.0,5.2097,0.9351,133.41,74.29,82.78,6.8432
2023-02-20 00:00:00,0.82941,15195.0,5.1661,0.94038,134.84,76.13,82.75,6.894
2023-02-27 00:00:00,0.83215,15278.0,5.2031,0.94206,136.33,75.6325,82.45,6.9147
2023-03-06 00:00:00,0.83733,15420.0,5.1765,0.94349,136.44,76.1,81.97,6.9478
2023-03-13 00:00:00,0.82499,15418.0,5.261,0.93967,132.74,77.06,82.56,6.8822
2023-03-20 00:00:00,0.81629,15246.0,5.2625,0.92764,131.59,77.075,82.5,6.8678
2023-03-27 00:00:00,0.8112,15065.0,5.1474,0.92217,132.08,77.5975,82.22,6.8798
2023-04-03 00:00:00,0.80301,14933.0,5.0546,0.91693,132.19,81.1275,82.1,6.8802
2023-04-10 00:00:00,0.80244,14814.0,4.9711,0.91116,133.21,81.79,81.94,6.8744
2023-04-17 00:00:00,0.80523,14923.0,4.9903,0.91224,134.19,81.7,82.1,6.8818
2023-04-24 00:00:00,0.80266,14825.0,5.0406,0.90769,134.38,80.25,81.86,6.9163
2023-05-01 00:00:00,0.79719,14690.0,5.0011,0.90711,135.4,77.38,81.79,6.9116
2023-05-08 00:00:00,0.79395,14744.0,4.9669,0.91291,134.9,77.92,82.02,6.93
2023-05-15 00:00:00,0.8016,14862.0,4.938,0.92242,137.07,80.0,82.44,6.9906
2023-05-22 00:00:00,0.80646,14913.0,4.9805,0.92816,138.85,80.06,82.74,7.0517
2023-05-29 00:00:00,0.80472,14941.0,5.0241,0.93284,139.58,81.5,82.56,7.087
2023-06-05 00:00:00,0.80273,14861.0,4.9237,0.93275,139.67,82.635,82.55,7.1209
2023-06-12 00:00:00,0.79033,14910.0,4.8484,0.92336,140.23,84.1375,82.19,7.147
2023-06-19 00:00:00,0.78396,14985.0,4.791,0.915,142.05,84.7,82.0,7.1767
2023-06-26 00:00:00,0.78834,15027.0,4.82,0.91558,143.98,89.55,82.04,7.2392
2023-07-03 00:00:00,0.7858,15074.0,4.8432,0.91811,144.14,91.25,82.28,7.2355
2023-07-10 00:00:00,0.77183,15075.0,4.8401,0.90302,139.82,90.06,82.31,7.1858
2023-07-17 00:00:00,0.77154,14999.0,4.8025,0.89246,139.49,90.92,82.02,7.181
2023-07-24 00:00:00,0.77636,15039.0,4.7384,0.90351,140.45,91.7075,81.97,7.1572
2023-07-31 00:00:00,0.78449,15147.0,4.8029,0.91149,142.7,95.685,82.55,7.1701
2023-08-07 00:00:00,0.7852,15212.0,4.8938,0.91042,143.39,99.43,82.77,7.21
2023-08-14 00:00:00,0.78604,15319.0,4.9604,0.91676,145.54,93.755,83.15,7.2827
2023-08-21 00:00:00,0.78841,15298.0,4.9166,0.92166,145.78,95.4175,82.79,7.2876
2023-08-28 00:00:00,0.79109,15251.0,4.8856,0.92234,146.17,96.09,82.72,7.2836
2023-09-04 00:00:00,0.79759,15299.0,4.9652,0.93127,147.15,97.7825,83.01,7.3093
2023-09-11 00:00:00,0.80198,15366.0,4.9247,0.93353,147.22,96.81,83.0,7.2843
2023-09-18 00:00:00,0.81042,15371.0,4.8761,0.93703,147.89,96.25,83.12,7.2981
2023-09-25 00:00:00,0.81955,15487.0,4.9926,0.94509,149.06,97.9675,83.17,7.3077
2023-10-02 00:00:00,0.82363,15606.0,5.1266,0.95084,149.35,100.405,83.21,7.3022
2023-10-09 00:00:00,0.81697,15698.0,5.0892,0.94589,149.16,97.24,83.25,7.2998
2023-10-16 00:00:00,0.8222,15778.0,5.0549,0.94661,149.7,95.32,83.21,7.3144
2023-10-23 00:00:00,0.82369,15907.0,5.0091,0.94545,150.0,94.125,83.17,7.3162
2023-10-30 00:00:00,0.8206,15838.0,4.9864,0.94118,150.25,92.4225,83.25,7.3149
2023-11-06 00:00:00,0.81382,15641.0,4.8934,0.9351,150.73,92.2925,83.28,7.2824
2023-11-13 00:00:00,0.80854,15567.0,4.8814,0.92618,150.85,90.0,83.2,7.2564
2023-11-20 00:00:00,0.79792,15534.0,4.8876,0.91558,148.74,88.6,83.34,7.151
2023-11-27 00:00:00,0.79069,15485.0,4.908,0.91424,148.12,90.4075,83.34,7.1429
2023-12-04 00:00:00,0.79349,15506.0,4.913,0.92575,146.08,91.8975,83.37,7.1512
2023-12-11 00:00:00,0.79206,15587.0,4.9348,0.92225,144.14,90.275,83.31,7.1522
2023-12-18 00:00:00,0.78858,15489.0,4.8862,0.91191,143.12,92.0,83.18,7.1368
2023-12-25 00:00:00,0.78487,15432.0,4.839,0.90285,141.66,90.36,83.22,7.1185
2024-01-01 00:00:00,0.78999,15535.0,4.9123,0.91433,143.62,90.95,83.26,7.1496
2024-01-08 00:00:00,0.78562,15551.0,4.885,0.91308,144.95,88.41,83.04,7.165
2024-01-15 00:00:00,0.78871,15604.0,4.9056,0.91802,147.25,88.2,83.07,7.189
2024-01-22 00:00:00,0.78544,15739.0,4.9299,0.91861,147.66,89.7375,83.13,7.1722
2024-01-29 00:00:00,0.78762,15751.0,4.9374,0.92242,147.38,91.05,83.04,7.179
2024-02-05 00:00:00,0.79409,15690.0,4.9762,0.92945,148.81,90.9,83.02,7.1943
2024-02-12 00:00:00,0.7938,15610.0,4.961,0.92954,149.86,92.2225,83.02,7.1937
2024-02-19 00:00:00,0.79107,15626.0,4.9484,0.92481,150.17,92.8525,82.94,7.1947
2024-02-26 00:00:00,0.79015,15688.0,4.9721,0.92328,150.43,91.67,82.88,7.1973
2024-03-04 00:00:00,0.78543,15670.0,4.9507,0.9192,149.09,90.6025,82.82,7.1969
2024-03-11 00:00:00,0.78195,15560.0,4.985,0.91575,147.88,92.9025,82.81,7.1876
2024-03-18 00:00:00,0.7877,15736.0,5.005,0.92047,150.79,92.795,83.16,7.2048
2024-03-25 00:00:00,0.79145,15838.0,4.9897,0.92345,151.25,92.48,83.36,7.2217
2024-04-01 00:00:00,0.79304,15900.0,5.0477,0.92541,151.64,92.5,83.4,7.235
2024-04-08 00:00:00,0.79347,15953.0,5.0535,0.92713,152.35,93.43,83.31,7.2348
2024-04-15 00:00:00,0.80258,16191.0,5.2256,0.9387,154.44,93.1525,83.53,7.2387
2024-04-22 00:00:00,0.80419,16210.0,5.1621,0.93589,155.38,92.3975,83.34,7.246
2024-04-29 00:00:00,0.79776,16180.0,5.1207,0.93284,155.33,91.6,83.45,7.2411
2024-05-06 00:00:00,0.79859,16060.0,5.103,0.92945,155.13,92.255,83.5,7.2209
2024-05-13 00:00:00,0.79317,16021.0,5.1367,0.92362,155.69,90.95,83.47,7.2266
2024-05-20 00:00:00,0.7863,16016.0,5.1258,0.92166,156.47,89.525,83.25,7.2384
2024-05-27 00:00:00,0.78479,16167.0,5.1802,0.92166,156.93,90.1,83.28,7.2429
2024-06-03 00:00:00,0.78317,16260.0,5.2683,0.92013,155.93,89.3475,83.39,7.2437
2024-06-10 00:00:00,0.78621,16298.0,5.318,0.92971,156.88,89.5779,83.49,7.2478
2024-06-17 00:00:00,0.78952,16458.0,5.3996,0.93353,157.87,89.0619,83.54,7.2562
2024-06-24 00:00:00,0.78966,16399.0,5.4313,0.93197,159.52,85.7505,83.49,7.2592
2024-07-01 00:00:00,0.78911,16351.0,5.5855,0.93067,161.14,88.0079,83.44,7.2682
2024-07-08 00:00:00,0.77905,16266.0,5.4698,0.92293,160.93,87.8791,83.5,7.2696
2024-07-15 00:00:00,0.77056,16186.0,5.4401,0.91684,158.01,87.6963,83.59,7.2619
2024-07-22 00:00:00,0.77347,16209.0,5.6012,0.91844,156.87,86.1075,83.66,7.2732
2024-07-29 00:00:00,0.78313,16191.0,5.8142,0.91191,142.24,85.5017,84.15,7.1171
2024-08-05 00:00:00,0.7831,15967.0,5.4918,0.91533,147.6,86.9023,83.97,7.1798
2024-08-12 00:00:00,0.77206,15589.0,5.4538,0.90572,146.02,89.4455,83.88,7.1414
2024-08-19 00:00:00,0.75826,15441.0,5.4942,0.89582,144.17,91.4955,83.9,7.1228
2024-08-26 00:00:00,0.7614,15541.0,5.622,0.90408,146.97,90.6455,83.91,7.113
2024-09-02 00:00:00,0.76397,15470.0,5.6144,0.90555,143.56,90.3455,83.95,7.1166
2024-09-09 00:00:00,0.75749,15366.0,5.552,0.8988,139.91,89.9955,83.86,7.0963
2024-09-16 00:00:00,0.75113,15187.0,5.5739,0.89936,143.52,92.3505,83.55,7.0544
2024-09-23 00:00:00,0.76767,15495.0,5.7084,0.9214,150.0,94.3205,84.07,7.1131
2024-09-29,0.8155017861646985,15960.691666134317,5.694137710508027,0.9407779643705096,141.86213130529168,76.97705440459997,81.42525470876924,7.064868936947082
2024-10-06,0.7841876820042591,15231.879740258402,5.242423881317544,0.9143863453738528,140.93328286608764,72.4147319721519,81.5631827939808,7.048014880272395
2024-10-13,0.7864718715823776,15238.33051409442,5.259187074530071,0.9172191168791544,141.13500900344684,72.0516519745976,81.89415565173313,7.033516394310538
2024-10-20,0.7874179575222009,15289.543647307655,5.260039497628426,0.9191343446099068,141.17657190619792,71.5123642303215,82.13938855573359,7.014161245801696
2024-10-27,0.7946077612778997,15361.859626836933,5.276451949271472,0.9247154460978608,142.07063774575622,71.16021738741303,82.43363147029892,6.999722962127114
2024-11-03,0.8021845619715106,15468.927483845442,5.294245598181568,0.9309808041572246,142.5063892214205,71.49639683563727,82.69796523528768,6.9705679273347165
2024-11-10,0.8079214868805513,15530.886696195352,5.291840851158305,0.9333527701473586,142.24917799778962,71.15212822202892,82.72910274842383,6.9647945046433195
2024-11-17,0.8102365272864819,15548.364139042627,5.3137996416159625,0.9353291947677486,142.90295986546676,70.5676386208951,82.86792229634375,6.953375684981312
2024-11-24,0.8124558524946327,15580.815304465834,5.318362696235394,0.935995950178314,143.21535870884267,70.28862054643565,83.03142583473215,6.935557012997622
2024-12-01,0.8143490510120184,15626.980958758732,5.307827757843855,0.935275018239228,143.56331184739204,69.50790908534668,83.0161530933855,6.928925505552421
2024-12-08,0.8170242526082689,15643.72444528806,5.310236050890263,0.9371229407223326,143.64220970298365,69.27327931282356,83.18276368583422,6.925484937830784
2024-12-15,0.823587024084257,15672.85786470702,5.313975138055946,0.9401714628874892,143.82854687800025,70.27342393769364,83.37611470600301,6.92295324454808
2024-12-22,0.8249204746112403,15712.80044190909,5.314408198351615,0.9417795376048644,144.27958016569664,70.31533046658055,83.47365734481616,6.9211731493508895
2024-12-29,0.8273429222958355,15734.353742748792,5.338117249714189,0.9424830337326012,144.27182738035128,70.17729798292038,83.54550206745355,6.915633323795456
2025-01-05,0.8284040394494502,15741.713306934753,5.353558984008386,0.944121318424957,144.57602635296024,70.16415501034693,83.72351398724611,6.917012727937395
2025-01-12,0.8268576375524943,15763.01745429712,5.352747174028851,0.943874721855815,144.23531555922776,70.08429613139617,83.75426886816231,6.913105779703851
2025-01-19,0.8281118456864792,15777.62424795306,5.350402255161941,0.9449839747640286,144.21747971723732,70.25933699931117,83.76878899825542,6.914687157586011
2025-01-26,0.8284192369314932,15795.4301787564,5.361818577022467,0.9466523625140318,144.1723440567919,71.35637550781546,83.79131118504209,6.9124200691427085
2025-02-02,0.8278613737881643,15795.244018255396,5.366033879529298,0.94641831709001,144.1477764341646,71.70445008419213,83.75743366351759,6.910362459749026
2025-02-09,0.8286665892244497,15794.244578725958,5.3841392261450505,0.9469595412022838,144.63889787947176,71.18004698041818,83.81920274925834,6.90779759781532
2025-02-16,0.8286840695295535,15800.061960628564,5.383587495309313,0.9462594647109468,144.77832341816307,70.91070253766624,83.91421680797077,6.90190588140555
2025-02-23,0.828495240571709,15820.233271670657,5.369367854577804,0.9441571072538366,144.95963805645133,70.15356246346194,83.84163928062995,6.9003974769764085
2025-03-02,0.8290569491136053,15815.752768911523,5.373966234482597,0.9448891079133236,144.94945350111263,69.86159644758153,83.9668076094562,6.901054095026253
2025-03-09,0.834061346072484,15829.11604389556,5.373410652512928,0.9471831978060954,145.136509663925,70.67846346242906,84.13494242937107,6.902376654380906
2025-03-16,0.8342693109422057,15859.38141410264,5.374865519555804,0.948252577903608,145.5186792728763,70.75062895427929,84.21021650442323,6.903300443545204
2025-03-23,0.8358988786991679,15871.660962595804,5.398227026371302,0.9484047400633756,145.448120206513,70.63766927949466,84.26414458659579,6.899976946240503
2025-03-30,0.83611201378499,15870.893859356338,5.4133599128083265,0.9495852019975182,145.70654279338208,70.63549224355796,84.42880568681466,6.903142478767728
2025-04-06,0.8340635966809564,15885.859922531665,5.41223884337531,0.9489935330060189,145.33590055800968,70.55976057215015,84.45004451813531,6.900598837826238
2025-04-13,0.8347954502969608,15895.706872735078,5.4102284449952815,0.9498347855339818,145.2927813029849,70.73651826645055,84.45759722125823,6.9033382547764175
2025-04-20,0.8348371473498617,15909.747057824792,5.421372434167466,0.951298276836702,145.2227733694156,71.84094134934679,84.47447328976843,6.902183256065953
2025-04-27,0.833936465102695,15906.3698178876,5.425089751700434,0.9508991322160288,145.17894379657605,72.19109285694886,84.43628660194389,6.90068301232013
2025-05-04,0.8345722585712864,15902.791914372185,5.443254677895283,0.9512986813816594,145.65508068768557,71.66592684491607,84.49486349154118,6.898754904922297
2025-05-11,0.8343567449072161,15906.627655225951,5.442841028483542,0.9504931397320756,145.78306770691768,71.39300679663693,84.58747773408439,6.893550531185691
2025-05-18,0.8340813766787739,15925.221297784585,5.428697673632093,0.9483075703587112,145.95443320440123,70.63343634463176,84.51307797714459,6.892368669483437
2025-05-25,0.8344836602238944,15919.44785463682,5.433091452687354,0.94897266507075,145.935639594129,70.33598455390585,84.63685347907747,6.893275243062449
2025-06-01,0.8394338737132309,15931.787168372024,5.432730505153068,0.9512125721173535,146.11634910338034,71.14234458320242,84.80393685296443,6.8948640166173965
2025-06-08,0.8395250877291449,15961.218335864403,5.434089763870551,0.9522393326324878,146.49318368169833,71.21539794720519,84.87841831189863,6.895968182983586
2025-06-15,0.8411335041682669,15972.837035409437,5.457439145040417,0.9523569404538929,146.4182436545504,71.10317621376817,84.93175456343998,6.892787190704012
2025-06-22,0.8412661233052632,15971.54488683671,5.47256616585171,0.9535097159012068,146.67298818584737,71.10119284952616,85.09595850464436,6.8960645910947
2025-06-29,0.8392124797223105,15986.089209154174,5.471446704684718,0.952896103163024,146.29936933466658,71.02544889897057,85.11685231088957,6.8936095181714325
2025-07-06,0.8398855348454835,15995.598067408877,5.469407295442865,0.953719597586378,146.25384490883852,71.20217261164946,85.12414389740113,6.896425032021419
2025-07-13,0.8399306009179324,16009.3675000224,5.4805578375613635,0.9551694715004796,146.18189008478652,72.30688871210708,85.14082553839775,6.8953378485043775
2025-07-20,0.8389869137128451,16005.775286752529,5.484296501847073,0.9547594355585142,146.13648587728346,72.65709600230316,85.10248476680894,6.89387537668267
2025-07-27,0.8396306727804327,16002.024458723816,5.502453597192195,0.9551500744640268,146.6113102578602,72.1318634447479,85.1609495235861,6.8919864869284275
2025-08-03,0.8393825448650135,16005.720327815408,5.502029133744338,0.9543376159405882,146.73822961742107,71.85875403220093,85.25347978285599,6.886822250636225
2025-08-10,0.8391170306451261,16024.204302642367,5.487879210955716,0.9521465699083218,146.90874472840275,71.09905487352557,85.17901703642889,6.885661981770055
2025-08-17,0.8394941458763059,16018.342985578303,5.492282537642178,0.9528072405746172,146.8892541780116,70.8013307047654,85.30274349187607,6.886584799767561
2025-08-24,0.8444545954981852,16030.61043537415,5.491909501889909,0.9550436820214516,147.0693893651148,71.6071785854666,85.46979007123464,6.888190445742155
2025-08-31,0.8445259146736481,16059.9860837121,5.493273107152344,0.9560676722671148,147.4457583294994,71.68027231232467,85.54424350076995,6.889306146537367
2025-09-07,0.8461442788513325,16071.55892787857,5.516622533132964,0.9561829995343644,147.37042724220453,71.56808593803862,85.59755523159916,6.8861331312191245
2025-09-14,0.8462612279649409,16070.230958200931,5.531749381518394,0.9573340112233184,147.62487709756752,71.5661110022735,85.76174691297922,6.889418125296187
2025-09-21,0.8442169272097599,16084.745779956884,5.5306294897828305,0.95671903217895,147.2510064805315,71.49036587398119,85.78262845920018,6.8869692961897275
2025-09-28,0.8448772165386174,16094.231876906926,5.5285913549936065,0.9575414605919774,147.20527312746958,71.66708751653071,85.78990953741261,6.889789467597963
2025-10-05,0.8449307177478246,16107.983191891355,5.539741395654365,0.9589903641917792,147.13314690710368,72.77181760005371,85.80658417119855,6.888706046309991
2025-10-12,0.8439766877225479,16104.375386826723,5.54347870368016,0.9585796641028386,147.0876141881015,73.12202743362906,85.7682398976047,6.8872460573829954
2025-10-19,0.8446279321152883,16100.612754691309,5.561636159489934,0.9589698461290864,147.5623260682306,72.59679159933508,85.826701149078,6.885359363951743
2025-10-26,0.8443712557809514,16104.299780559057,5.56121224344929,0.958156871913658,147.6891597529736,72.32367290719532,85.9192279061293,6.880197590769986
2025-11-02,0.8441123037947676,16122.775749877852,5.547062645718262,0.955965431542966,147.85960523563796,71.56396751341894,85.84476165760519,6.879038168923041
2025-11-09,0.8444822996321261,16116.908108247406,5.551465413064717,0.9566258598983242,147.84004503678574,71.26623014950307,85.96848460758805,6.879962091165044
2025-11-16,0.8494484199573148,16129.170925682633,5.55109302557417,0.9588620584839082,148.02013741140533,72.07205316654888,86.13553118702036,6.881568298596813
2025-11-23,0.8495138447672271,16158.541937019798,5.552456372676794,0.9598858365132736,148.39646352333932,72.14514884875612,86.20998286568945,6.882685100849348
2025-11-30,0.8511371619918912,16170.111408720502,5.575805787529379,0.960001103040819,148.3211002932106,72.03296413442912,86.26329459652293,6.879512503745935
2025-12-07,0.8512491369579612,16168.78091038502,5.590932636825266,0.9611520232402934,148.57553407675218,72.03098960697542,86.427484527016,6.882798222208606
2025-12-14,0.8492090061860278,16183.2936250209,5.589812764640812,0.9605368617176115,148.20163667412882,71.95524442162852,86.44836607323742,6.880349444915019
2025-12-21,0.8498651557690461,16192.7784579488,5.58777455058112,0.9613592293404568,148.15589260676623,72.13196596389213,86.45564715144613,6.883169994948197
2025-12-28,0.8499222524306838,16206.52808726534,5.598924619030904,0.962808072240832,148.08375031526307,73.23669672481455,86.47232178523177,6.882086955161174
2026-01-04,0.8489647170787481,16202.919018093327,5.602661997880567,0.962397280752134,148.03820152541374,73.58690668160206,86.43397751163909,6.880627305363661
2026-01-11,0.8496190615247098,16199.155964500314,5.620819433714655,0.9627874324995066,148.51291340554215,73.06167068856885,86.49243876311142,6.878740965285002
2026-01-18,0.849359398550022,16202.842568752403,5.620395487338627,0.9619744888188806,148.63973637638196,72.78855154688596,86.58496552016494,6.873579231374214
2026-01-25,0.8491030692688352,16221.318116523304,5.606245871594049,0.959782987472001,148.81017650204095,72.02884585105465,86.51049927164246,6.872420147250605
2026-02-01,0.8494705635969569,16215.450053894176,5.610648669937163,0.9604433855798188,148.79061094597105,71.73110784790906,86.63422222162514,6.8733440758333195
2026-02-08,0.854438945496012,16227.712449751964,5.610276246522229,0.9626795841793367,148.97069796390173,72.53692966045315,86.80126880105708,6.874950294594895
2026-02-15,0.8545022423505031,16257.083461114922,5.611639607931163,0.9637033619879876,149.3470240758867,72.61002543738586,86.87572047972607,6.876067102831223
2026-02-22,0.8561274780305252,16268.653353881824,5.634989023400425,0.9638185982481454,149.27165548859824,72.49784080347436,86.92903221055951,6.872894836138742
2026-03-01,0.8562376634484562,16267.322855546192,5.650115872645857,0.9649695184478856,149.52608391497512,72.49586629580101,87.09322214105259,6.876180232103717
2026-03-08,0.8541991596879681,16281.8351491345,5.6489959993779495,0.9643543569264524,149.15218115519295,72.42012110769014,87.11410368727401,6.8737314573575965
2026-03-15,0.8548538109375955,16291.319139013172,5.6469577897111485,0.9651767550496738,149.1064370878306,72.59684264509546,87.12138476548273,6.876552009933863
2026-03-22,0.8549123097867858,16305.069610901724,5.658107856620963,0.9666255674506568,149.03429479633107,73.701573438834,87.13805939926837,6.875468972789085
2026-03-29,0.8539535037340219,16301.460541729895,5.661845231545816,0.9662147759640644,148.9887460064884,74.05178340159044,87.09971512567569,6.87400932358362
2026-04-05,0.8546089736894513,16297.697067088644,5.680002668486887,0.966604927711214,149.46345252945568,73.52654740086723,87.15817637714802,6.8721229848152365
2026-04-12,0.8543482330547583,16301.383249818104,5.679578723791939,0.9657919840312847,149.59027014313875,73.25342823740654,87.25070313420153,6.866961252744971
2026-04-19,0.8540929409124318,16319.859218636582,5.665429109045609,0.9636004826849268,149.76071026879936,72.4937225269424,87.17623688567903,6.8658021691063045
2026-04-26,0.854459498944907,16313.991156006705,5.669831905670996,0.9642608807931636,149.74114471272884,72.1959844928298,87.29995983566172,6.866726098003222
2026-05-03,0.8594287001541969,16326.253130818108,5.6694594842468655,0.9664970793929674,149.9212317306645,73.0018062470227,87.46700641509366,6.868332317301575
2026-05-10,0.8594912442601329,16355.624142180666,5.670822844862993,0.9675208572018662,150.29755784265004,73.07490202854432,87.54145809376266,6.869449125825418
2026-05-17,0.8611171937391773,16367.194034947272,5.694172260298081,0.9676360934620364,150.2221892553616,72.96271739852848,87.59476982459611,6.866276859346782
2026-05-24,0.8612267218102545,16365.863536611643,5.709299109546309,0.968787013661782,150.47661768173845,72.96074289181337,87.7589597550892,6.8695622554780815
2026-05-31,0.8591888457609708,16380.375830199957,5.708179236338442,0.9681718521403746,150.1027149219563,72.8849977035686,87.77984130131061,6.867113480854365
2026-06-07,0.8598429395272241,16389.859820078644,5.706141026428202,0.9689942502635868,150.05697085459397,73.06171924073858,87.78712237951933,6.869934033551412
2026-06-14,0.8599019070666829,16403.610291967187,5.7172910934233565,0.9704430626645992,149.98482856309448,74.16645003606688,87.80379701330497,6.868850996530887
2026-06-21,0.8589426282231034,16400.00122279536,5.7210284685657085,0.9700322711780498,149.93927977325188,74.51665999911246,87.76545273971229,6.867391347354981
2026-06-28,0.8595985782814597,16396.237748154123,5.739185905445435,0.9704224229251946,150.41398629621915,73.99142399801671,87.82391399118463,6.865505008648441
2026-07-05,0.8593374143300969,16399.92393088356,5.738761960657327,0.9696094792452798,150.5408039099023,73.71830483350102,87.91644074823813,6.860343276663845
2026-07-12,0.8590824690899783,16418.39989970203,5.724612345855678,0.9674179778989324,150.71124403556294,72.95859912232801,87.84197449971565,6.859184193048428
2026-07-19,0.859448709423477,16412.531837072165,5.729015142576256,0.9680783760071782,150.69167847949242,72.66086108671523,87.96569744969834,6.860108121960518
2026-07-26,0.8644182237898957,16424.793811883555,5.728642721041802,0.9703145746069876,150.87176549742813,73.46668283808134,88.13274402913028,6.861714341284041
2026-08-02,0.8644804795052679,16454.16482324612,5.730006081701865,0.9713383524158916,151.24809160941368,73.53977861982526,88.20719570779927,6.862831149821495
2026-08-09,0.8661067169186697,16465.734716012732,5.7533554971388465,0.971453588676062,151.17272302212524,73.42759398999816,88.26050743863273,6.859658883352985
2026-08-16,0.8662160004112442,16464.404217677104,5.76848234638692,0.9726045088758076,151.4271514485021,73.42561948332948,88.42469736912581,6.862944279492152
2026-08-23,0.8641783048940211,16478.916511265415,5.767362473175726,0.971989347354401,151.05324868871995,73.34987429507824,88.44557891534723,6.86049550487423
